time,strategy,exchange,identifier,symbol,side,type,status,price,filled_quantity,multiplier,trade_cost,trade_slippage,time_in_force,asset.right,asset.strike,asset.multiplier,asset.expiration,asset.asset_type,price_source
2025-03-03 09:30:00-05:00,MLPortfolioStrategy,,bt_1,DFEN,buy,limit,new,,,1,,0.0,ioc,,0.0,1,,stock,
2025-03-03 09:30:00-05:00,MLPortfolioStrategy,,bt_2,BTC-USD,buy,limit,new,,,1,,0.0,ioc,,0.0,1,,stock,
2025-03-03 09:30:00-05:00,MLPortfolioStrategy,,bt_3,SMH,buy,limit,new,,,1,,0.0,ioc,,0.0,1,,stock,
2025-03-03 09:30:00-05:00,MLPortfolioStrategy,,bt_4,SPY,buy,limit,new,,,1,,0.0,ioc,,0.0,1,,stock,
2025-03-03 09:30:00-05:00,MLPortfolioStrategy,,bt_5,SLV,buy,limit,new,,,1,,0.0,ioc,,0.0,1,,stock,
2025-03-03 09:30:00-05:00,MLPortfolioStrategy,,bt_6,ZAP,buy,limit,new,,,1,,0.0,ioc,,0.0,1,,stock,
2025-03-03 09:30:00-05:00,MLPortfolioStrategy,,bt_7,GLD,buy,limit,new,,,1,,0.0,ioc,,0.0,1,,stock,
2025-03-03 09:30:00-05:00,MLPortfolioStrategy,,bt_1,DFEN,buy,limit,fill,30.86,35.4931,1,0.0,0.0,ioc,,0.0,1,,stock,
2025-03-03 09:30:00-05:00,MLPortfolioStrategy,,bt_2,BTC-USD,buy,limit,fill,86466.44,0.01278934,1,0.0,0.0,ioc,,0.0,1,,stock,
2025-03-03 09:30:00-05:00,MLPortfolioStrategy,,bt_3,SMH,buy,limit,fill,229.51,5.2143,1,0.0,0.0,ioc,,0.0,1,,stock,
2025-03-03 09:30:00-05:00,MLPortfolioStrategy,,bt_4,SPY,buy,limit,fill,588.49,2.3106,1,0.0,0.0,ioc,,0.0,1,,stock,
2025-03-03 09:30:00-05:00,MLPortfolioStrategy,,bt_6,ZAP,buy,limit,fill,24.95,59.2384,1,0.0,0.0,ioc,,0.0,1,,stock,
2025-03-04 09:30:00-05:00,MLPortfolioStrategy,,bt_8,BTC-USD,sell,limit,new,,,1,,0.0,ioc,,0.0,1,,stock,
2025-03-04 09:30:00-05:00,MLPortfolioStrategy,,bt_9,SMH,buy,limit,new,,,1,,0.0,ioc,,0.0,1,,stock,
2025-03-04 09:30:00-05:00,MLPortfolioStrategy,,bt_10,SLV,buy,limit,new,,,1,,0.0,ioc,,0.0,1,,stock,
2025-03-04 09:30:00-05:00,MLPortfolioStrategy,,bt_11,GLD,buy,limit,new,,,1,,0.0,ioc,,0.0,1,,stock,
2025-03-04 09:30:00-05:00,MLPortfolioStrategy,,bt_9,SMH,buy,limit,fill,222.4600067138672,0.4555000000000007,1,0.0,0.0,ioc,,0.0,1,,stock,
2025-03-04 09:30:00-05:00,MLPortfolioStrategy,,bt_10,SLV,buy,limit,fill,29.0,48.5709,1,0.0,0.0,ioc,,0.0,1,,stock,
2025-03-05 09:30:00-05:00,MLPortfolioStrategy,,bt_12,SPY,sell,limit,new,,,1,,0.0,ioc,,0.0,1,,stock,
2025-03-05 09:30:00-05:00,MLPortfolioStrategy,,bt_13,SMH,sell,limit,new,,,1,,0.0,ioc,,0.0,1,,stock,
2025-03-05 09:30:00-05:00,MLPortfolioStrategy,,bt_14,ZAP,sell,limit,new,,,1,,0.0,ioc,,0.0,1,,stock,
2025-03-05 09:30:00-05:00,MLPortfolioStrategy,,bt_15,BTC-USD,sell,limit,new,,,1,,0.0,ioc,,0.0,1,,stock,
2025-03-05 09:30:00-05:00,MLPortfolioStrategy,,bt_16,DFEN,buy,limit,new,,,1,,0.0,ioc,,0.0,1,,stock,
2025-03-05 09:30:00-05:00,MLPortfolioStrategy,,bt_17,GLD,buy,limit,new,,,1,,0.0,ioc,,0.0,1,,stock,
2025-03-05 09:30:00-05:00,MLPortfolioStrategy,,bt_12,SPY,sell,limit,fill,576.81,0.6703999999999999,1,0.0,0.0,ioc,,0.0,1,,stock,
2025-03-05 09:30:00-05:00,MLPortfolioStrategy,,bt_13,SMH,sell,limit,fill,227.82000732421875,1.4542000000000002,1,0.0,0.0,ioc,,0.0,1,,stock,
2025-03-05 09:30:00-05:00,MLPortfolioStrategy,,bt_15,BTC-USD,sell,limit,fill,87222.953125,0.00217963,1,0.0,0.0,ioc,,0.0,1,,stock,
2025-03-05 09:30:00-05:00,MLPortfolioStrategy,,bt_16,DFEN,buy,limit,fill,29.09000015258789,8.503500000000003,1,0.0,0.0,ioc,,0.0,1,,stock,
2025-03-05 09:30:00-05:00,MLPortfolioStrategy,,bt_17,GLD,buy,limit,fill,267.9700012207031,5.818,1,0.0,0.0,ioc,,0.0,1,,stock,
2025-03-06 09:30:00-05:00,MLPortfolioStrategy,,bt_18,GLD,sell,limit,new,,,1,,0.0,ioc,,0.0,1,,stock,
2025-03-06 09:30:00-05:00,MLPortfolioStrategy,,bt_19,SLV,sell,limit,new,,,1,,0.0,ioc,,0.0,1,,stock,
2025-03-06 09:30:00-05:00,MLPortfolioStrategy,,bt_20,SPY,buy,limit,new,,,1,,0.0,ioc,,0.0,1,,stock,
2025-03-06 09:30:00-05:00,MLPortfolioStrategy,,bt_21,SMH,buy,limit,new,,,1,,0.0,ioc,,0.0,1,,stock,
2025-03-06 09:30:00-05:00,MLPortfolioStrategy,,bt_18,GLD,sell,limit,fill,268.25,2.6885999999999997,1,0.0,0.0,ioc,,0.0,1,,stock,
2025-03-06 09:30:00-05:00,MLPortfolioStrategy,,bt_19,SLV,sell,limit,fill,29.5,8.076700000000002,1,0.0,0.0,ioc,,0.0,1,,stock,
2025-03-06 09:30:00-05:00,MLPortfolioStrategy,,bt_20,SPY,buy,limit,fill,575.47998046875,0.5112999999999999,1,0.0,0.0,ioc,,0.0,1,,stock,
2025-03-06 09:30:00-05:00,MLPortfolioStrategy,,bt_21,SMH,buy,limit,fill,221.97999572753906,1.3349000000000002,1,0.0,0.0,ioc,,0.0,1,,stock,
2025-03-07 09:30:00-05:00,MLPortfolioStrategy,,bt_22,BTC-USD,sell,limit,new,,,1,,0.0,ioc,,0.0,1,,stock,
2025-03-07 09:30:00-05:00,MLPortfolioStrategy,,bt_23,SMH,sell,limit,new,,,1,,0.0,ioc,,0.0,1,,stock,
2025-03-07 09:30:00-05:00,MLPortfolioStrategy,,bt_24,DFEN,sell,limit,new,,,1,,0.0,ioc,,0.0,1,,stock,
2025-03-07 09:30:00-05:00,MLPortfolioStrategy,,bt_25,SLV,sell,limit,new,,,1,,0.0,ioc,,0.0,1,,stock,
2025-03-07 09:30:00-05:00,MLPortfolioStrategy,,bt_26,ZAP,sell,limit,new,,,1,,0.0,ioc,,0.0,1,,stock,
2025-03-07 09:30:00-05:00,MLPortfolioStrategy,,bt_27,GLD,buy,limit,new,,,1,,0.0,ioc,,0.0,1,,stock,
2025-03-07 09:30:00-05:00,MLPortfolioStrategy,,bt_22,BTC-USD,sell,limit,fill,90169.25,0.0035136499999999992,1,0.0,0.0,ioc,,0.0,1,,stock,
2025-03-07 09:30:00-05:00,MLPortfolioStrategy,,bt_23,SMH,sell,limit,fill,220.87,0.6435000000000004,1,0.0,0.0,ioc,,0.0,1,,stock,
2025-03-07 09:30:00-05:00,MLPortfolioStrategy,,bt_25,SLV,sell,limit,fill,29.389999389648438,3.8040999999999983,1,0.0,0.0,ioc,,0.0,1,,stock,
2025-03-07 09:30:00-05:00,MLPortfolioStrategy,,bt_26,ZAP,sell,limit,fill,24.02,4.5604999999999976,1,0.0,0.0,ioc,,0.0,1,,stock,
2025-03-07 09:30:00-05:00,MLPortfolioStrategy,,bt_27,GLD,buy,limit,fill,269.0899963378906,1.1263999999999998,1,0.0,0.0,ioc,,0.0,1,,stock,
2025-03-10 08:30:00-04:00,MLPortfolioStrategy,,bt_11,GLD,buy,limit,fill,266.4,5.2939,1,0.0,0.0,ioc,,0.0,1,,stock,
2025-03-10 09:30:00-04:00,MLPortfolioStrategy,,bt_28,GLD,sell,limit,new,,,1,,0.0,ioc,,0.0,1,,stock,
2025-03-10 09:30:00-04:00,MLPortfolioStrategy,,bt_29,DFEN,sell,limit,new,,,1,,0.0,ioc,,0.0,1,,stock,
2025-03-10 09:30:00-04:00,MLPortfolioStrategy,,bt_30,SMH,sell,limit,new,,,1,,0.0,ioc,,0.0,1,,stock,
2025-03-10 09:30:00-04:00,MLPortfolioStrategy,,bt_31,BTC-USD,buy,limit,new,,,1,,0.0,ioc,,0.0,1,,stock,
2025-03-10 09:30:00-04:00,MLPortfolioStrategy,,bt_28,GLD,sell,limit,fill,267.74,5.6449,1,0.0,0.0,ioc,,0.0,1,,stock,
2025-03-10 09:30:00-04:00,MLPortfolioStrategy,,bt_29,DFEN,sell,limit,fill,28.26,7.106200000000001,1,0.0,0.0,ioc,,0.0,1,,stock,
2025-03-10 09:30:00-04:00,MLPortfolioStrategy,,bt_30,SMH,sell,limit,fill,219.57000732421875,0.7106000000000003,1,0.0,0.0,ioc,,0.0,1,,stock,
2025-03-10 09:30:00-04:00,MLPortfolioStrategy,,bt_31,BTC-USD,buy,limit,fill,80597.1484375,0.003983319999999999,1,0.0,0.0,ioc,,0.0,1,,stock,
2025-03-11 09:30:00-04:00,MLPortfolioStrategy,,bt_32,SPY,sell,limit,new,,,1,,0.0,ioc,,0.0,1,,stock,
2025-03-11 09:30:00-04:00,MLPortfolioStrategy,,bt_33,GLD,sell,limit,new,,,1,,0.0,ioc,,0.0,1,,stock,
2025-03-11 09:30:00-04:00,MLPortfolioStrategy,,bt_34,ZAP,sell,limit,new,,,1,,0.0,ioc,,0.0,1,,stock,
2025-03-11 09:30:00-04:00,MLPortfolioStrategy,,bt_35,DFEN,sell,limit,new,,,1,,0.0,ioc,,0.0,1,,stock,
2025-03-11 09:30:00-04:00,MLPortfolioStrategy,,bt_33,GLD,sell,limit,fill,268.4700012207031,0.8701999999999996,1,0.0,0.0,ioc,,0.0,1,,stock,
2025-03-11 09:30:00-04:00,MLPortfolioStrategy,,bt_34,ZAP,sell,limit,fill,24.139999389648438,8.522100000000002,1,0.0,0.0,ioc,,0.0,1,,stock,
2025-03-11 09:30:00-04:00,MLPortfolioStrategy,,bt_35,DFEN,sell,limit,fill,27.709999084472656,5.776900000000001,1,0.0,0.0,ioc,,0.0,1,,stock,
2025-03-12 09:30:00-04:00,MLPortfolioStrategy,,bt_36,SPY,sell,limit,new,,,1,,0.0,ioc,,0.0,1,,stock,
2025-03-12 09:30:00-04:00,MLPortfolioStrategy,,bt_37,BTC-USD,sell,limit,new,,,1,,0.0,ioc,,0.0,1,,stock,
2025-03-12 09:30:00-04:00,MLPortfolioStrategy,,bt_38,ZAP,buy,limit,new,,,1,,0.0,ioc,,0.0,1,,stock,
2025-03-12 09:30:00-04:00,MLPortfolioStrategy,,bt_39,GLD,buy,limit,new,,,1,,0.0,ioc,,0.0,1,,stock,
2025-03-12 09:30:00-04:00,MLPortfolioStrategy,,bt_36,SPY,sell,limit,fill,562.1699829101562,0.7408999999999999,1,0.0,0.0,ioc,,0.0,1,,stock,
2025-03-12 09:30:00-04:00,MLPortfolioStrategy,,bt_37,BTC-USD,sell,limit,fill,82857.375,0.0039786399999999994,1,0.0,0.0,ioc,,0.0,1,,stock,
2025-03-12 09:30:00-04:00,MLPortfolioStrategy,,bt_38,ZAP,buy,limit,fill,24.190000534057617,4.657000000000004,1,0.0,0.0,ioc,,0.0,1,,stock,
2025-03-12 09:30:00-04:00,MLPortfolioStrategy,,bt_39,GLD,buy,limit,fill,268.4700012207031,1.3646000000000003,1,0.0,0.0,ioc,,0.0,1,,stock,
2025-03-13 09:30:00-04:00,MLPortfolioStrategy,,bt_40,ZAP,sell,limit,new,,,1,,0.0,ioc,,0.0,1,,stock,
2025-03-13 09:30:00-04:00,MLPortfolioStrategy,,bt_41,SPY,buy,limit,new,,,1,,0.0,ioc,,0.0,1,,stock,
2025-03-13 09:30:00-04:00,MLPortfolioStrategy,,bt_40,ZAP,sell,limit,fill,24.1200008392334,5.392000000000003,1,0.0,0.0,ioc,,0.0,1,,stock,
2025-03-13 09:30:00-04:00,MLPortfolioStrategy,,bt_41,SPY,buy,limit,fill,558.489990234375,0.22319999999999984,1,0.0,0.0,ioc,,0.0,1,,stock,
2025-03-14 08:30:00-04:00,MLPortfolioStrategy,,bt_14,ZAP,sell,limit,fill,24.62,11.174299999999995,1,0.0,0.0,ioc,,0.0,1,,stock,
2025-03-14 08:30:00-04:00,MLPortfolioStrategy,,bt_24,DFEN,sell,limit,fill,29.45,4.3508,1,0.0,0.0,ioc,,0.0,1,,stock,
2025-03-14 09:30:00-04:00,MLPortfolioStrategy,,bt_42,SLV,sell,limit,new,,,1,,0.0,ioc,,0.0,1,,stock,
2025-03-14 09:30:00-04:00,MLPortfolioStrategy,,bt_43,SMH,buy,limit,new,,,1,,0.0,ioc,,0.0,1,,stock,
2025-03-14 09:30:00-04:00,MLPortfolioStrategy,,bt_44,SPY,buy,limit,new,,,1,,0.0,ioc,,0.0,1,,stock,
2025-03-14 09:30:00-04:00,MLPortfolioStrategy,,bt_45,DFEN,buy,limit,new,,,1,,0.0,ioc,,0.0,1,,stock,
2025-03-14 09:30:00-04:00,MLPortfolioStrategy,,bt_42,SLV,sell,limit,fill,30.90999984741211,7.313200000000002,1,0.0,0.0,ioc,,0.0,1,,stock,
2025-03-14 09:30:00-04:00,MLPortfolioStrategy,,bt_44,SPY,buy,limit,fill,556.1099853515625,0.21789999999999998,1,0.0,0.0,ioc,,0.0,1,,stock,
2025-03-14 09:30:00-04:00,MLPortfolioStrategy,,bt_45,DFEN,buy,limit,fill,28.84,9.388300000000005,1,0.0,0.0,ioc,,0.0,1,,stock,
2025-03-17 08:30:00-04:00,MLPortfolioStrategy,,bt_32,SPY,sell,limit,fill,564.75,0.43890000000000007,1,0.0,0.0,ioc,,0.0,1,,stock,
2025-03-17 09:30:00-04:00,MLPortfolioStrategy,,bt_46,ZAP,sell,limit,new,,,1,,0.0,ioc,,0.0,1,,stock,
2025-03-17 09:30:00-04:00,MLPortfolioStrategy,,bt_47,GLD,sell,limit,new,,,1,,0.0,ioc,,0.0,1,,stock,
2025-03-17 09:30:00-04:00,MLPortfolioStrategy,,bt_48,SLV,sell,limit,new,,,1,,0.0,ioc,,0.0,1,,stock,
2025-03-17 09:30:00-04:00,MLPortfolioStrategy,,bt_49,BTC-USD,buy,limit,new,,,1,,0.0,ioc,,0.0,1,,stock,
2025-03-17 09:30:00-04:00,MLPortfolioStrategy,,bt_50,SPY,buy,limit,new,,,1,,0.0,ioc,,0.0,1,,stock,
2025-03-17 09:30:00-04:00,MLPortfolioStrategy,,bt_51,SMH,buy,limit,new,,,1,,0.0,ioc,,0.0,1,,stock,
2025-03-17 09:30:00-04:00,MLPortfolioStrategy,,bt_46,ZAP,sell,limit,fill,24.610000610351562,18.335000000000004,1,0.0,0.0,ioc,,0.0,1,,stock,
2025-03-17 09:30:00-04:00,MLPortfolioStrategy,,bt_47,GLD,sell,limit,fill,275.5400085449219,1.5268000000000006,1,0.0,0.0,ioc,,0.0,1,,stock,
2025-03-17 09:30:00-04:00,MLPortfolioStrategy,,bt_48,SLV,sell,limit,fill,30.76,11.4831,1,0.0,0.0,ioc,,0.0,1,,stock,
2025-03-17 09:30:00-04:00,MLPortfolioStrategy,,bt_49,BTC-USD,buy,limit,fill,82576.3359375,0.0013645000000000003,1,0.0,0.0,ioc,,0.0,1,,stock,
2025-03-18 08:30:00-04:00,MLPortfolioStrategy,,bt_51,SMH,buy,limit,fill,224.47,1.5998,1,0.0,0.0,ioc,,0.0,1,,stock,
2025-03-18 09:30:00-04:00,MLPortfolioStrategy,,bt_52,SLV,sell,limit,new,,,1,,0.0,ioc,,0.0,1,,stock,
2025-03-18 09:30:00-04:00,MLPortfolioStrategy,,bt_53,ZAP,buy,limit,new,,,1,,0.0,ioc,,0.0,1,,stock,
2025-03-18 09:30:00-04:00,MLPortfolioStrategy,,bt_54,SPY,buy,limit,new,,,1,,0.0,ioc,,0.0,1,,stock,
2025-03-18 09:30:00-04:00,MLPortfolioStrategy,,bt_52,SLV,sell,limit,fill,31.100000381469727,4.928399999999998,1,0.0,0.0,ioc,,0.0,1,,stock,
2025-03-18 09:30:00-04:00,MLPortfolioStrategy,,bt_53,ZAP,buy,limit,fill,24.579999923706055,9.3281,1,0.0,0.0,ioc,,0.0,1,,stock,
2025-03-18 09:30:00-04:00,MLPortfolioStrategy,,bt_54,SPY,buy,limit,fill,564.7999877929688,0.4963000000000002,1,0.0,0.0,ioc,,0.0,1,,stock,
2025-03-19 09:30:00-04:00,MLPortfolioStrategy,,bt_55,SPY,sell,limit,new,,,1,,0.0,ioc,,0.0,1,,stock,
2025-03-19 09:30:00-04:00,MLPortfolioStrategy,,bt_56,ZAP,sell,limit,new,,,1,,0.0,ioc,,0.0,1,,stock,
2025-03-19 09:30:00-04:00,MLPortfolioStrategy,,bt_57,SMH,sell,limit,new,,,1,,0.0,ioc,,0.0,1,,stock,
2025-03-19 09:30:00-04:00,MLPortfolioStrategy,,bt_58,GLD,buy,limit,new,,,1,,0.0,ioc,,0.0,1,,stock,
2025-03-19 09:30:00-04:00,MLPortfolioStrategy,,bt_59,SLV,buy,limit,new,,,1,,0.0,ioc,,0.0,1,,stock,
2025-03-19 09:30:00-04:00,MLPortfolioStrategy,,bt_55,SPY,sell,limit,fill,562.8300170898438,0.6747000000000001,1,0.0,0.0,ioc,,0.0,1,,stock,
2025-03-19 09:30:00-04:00,MLPortfolioStrategy,,bt_56,ZAP,sell,limit,fill,24.610000610351562,13.8948,1,0.0,0.0,ioc,,0.0,1,,stock,
2025-03-19 09:30:00-04:00,MLPortfolioStrategy,,bt_57,SMH,sell,limit,fill,225.5,1.4387999999999996,1,0.0,0.0,ioc,,0.0,1,,stock,
2025-03-19 09:30:00-04:00,MLPortfolioStrategy,,bt_58,GLD,buy,limit,fill,279.8500061035156,1.5816,1,0.0,0.0,ioc,,0.0,1,,stock,
2025-03-19 09:30:00-04:00,MLPortfolioStrategy,,bt_59,SLV,buy,limit,fill,30.68000030517578,15.0052,1,0.0,0.0,ioc,,0.0,1,,stock,
2025-03-20 09:30:00-04:00,MLPortfolioStrategy,,bt_60,GLD,sell,limit,new,,,1,,0.0,ioc,,0.0,1,,stock,
2025-03-20 09:30:00-04:00,MLPortfolioStrategy,,bt_61,SLV,sell,limit,new,,,1,,0.0,ioc,,0.0,1,,stock,
2025-03-20 09:30:00-04:00,MLPortfolioStrategy,,bt_62,DFEN,sell,limit,new,,,1,,0.0,ioc,,0.0,1,,stock,
2025-03-20 09:30:00-04:00,MLPortfolioStrategy,,bt_63,SMH,buy,limit,new,,,1,,0.0,ioc,,0.0,1,,stock,
2025-03-20 09:30:00-04:00,MLPortfolioStrategy,,bt_64,ZAP,buy,limit,new,,,1,,0.0,ioc,,0.0,1,,stock,
2025-03-20 09:30:00-04:00,MLPortfolioStrategy,,bt_60,GLD,sell,limit,fill,279.489990234375,2.311,1,0.0,0.0,ioc,,0.0,1,,stock,
2025-03-20 09:30:00-04:00,MLPortfolioStrategy,,bt_61,SLV,sell,limit,fill,30.53,18.9886,1,0.0,0.0,ioc,,0.0,1,,stock,
2025-03-20 09:30:00-04:00,MLPortfolioStrategy,,bt_62,DFEN,sell,limit,fill,32.5,11.614400000000003,1,0.0,0.0,ioc,,0.0,1,,stock,
2025-03-20 09:30:00-04:00,MLPortfolioStrategy,,bt_63,SMH,buy,limit,fill,225.13999938964844,2.5408999999999997,1,0.0,0.0,ioc,,0.0,1,,stock,
2025-03-20 09:30:00-04:00,MLPortfolioStrategy,,bt_64,ZAP,buy,limit,fill,24.700000762939453,33.5443,1,0.0,0.0,ioc,,0.0,1,,stock,
2025-03-21 08:30:00-04:00,MLPortfolioStrategy,,bt_43,SMH,buy,limit,fill,221.88,0.5049999999999999,1,0.0,0.0,ioc,,0.0,1,,stock,
2025-03-21 08:30:00-04:00,MLPortfolioStrategy,,bt_50,SPY,buy,limit,fill,558.89,0.5304000000000002,1,0.0,0.0,ioc,,0.0,1,,stock,
2025-03-21 09:30:00-04:00,MLPortfolioStrategy,,bt_65,SMH,sell,limit,new,,,1,,0.0,ioc,,0.0,1,,stock,
2025-03-21 09:30:00-04:00,MLPortfolioStrategy,,bt_66,BTC-USD,sell,limit,new,,,1,,0.0,ioc,,0.0,1,,stock,
2025-03-21 09:30:00-04:00,MLPortfolioStrategy,,bt_67,SPY,buy,limit,new,,,1,,0.0,ioc,,0.0,1,,stock,
2025-03-21 09:30:00-04:00,MLPortfolioStrategy,,bt_68,ZAP,buy,limit,new,,,1,,0.0,ioc,,0.0,1,,stock,
2025-03-21 09:30:00-04:00,MLPortfolioStrategy,,bt_65,SMH,sell,limit,fill,224.01,2.5888,1,0.0,0.0,ioc,,0.0,1,,stock,
2025-03-21 09:30:00-04:00,MLPortfolioStrategy,,bt_67,SPY,buy,limit,fill,559.280029296875,0.42559999999999976,1,0.0,0.0,ioc,,0.0,1,,stock,
2025-03-21 09:30:00-04:00,MLPortfolioStrategy,,bt_68,ZAP,buy,limit,fill,24.6200008392334,11.493099999999998,1,0.0,0.0,ioc,,0.0,1,,stock,
2025-03-24 08:30:00-04:00,MLPortfolioStrategy,,bt_66,BTC-USD,sell,limit,fill,86438.59,0.00421336,1,0.0,0.0,ioc,,0.0,1,,stock,
2025-03-24 09:30:00-04:00,MLPortfolioStrategy,,bt_69,ZAP,sell,limit,new,,,1,,0.0,ioc,,0.0,1,,stock,
2025-03-24 09:30:00-04:00,MLPortfolioStrategy,,bt_70,SPY,sell,limit,new,,,1,,0.0,ioc,,0.0,1,,stock,
2025-03-24 09:30:00-04:00,MLPortfolioStrategy,,bt_71,BTC-USD,buy,limit,new,,,1,,0.0,ioc,,0.0,1,,stock,
2025-03-24 09:30:00-04:00,MLPortfolioStrategy,,bt_72,GLD,buy,limit,new,,,1,,0.0,ioc,,0.0,1,,stock,
2025-03-24 09:30:00-04:00,MLPortfolioStrategy,,bt_73,SLV,buy,limit,new,,,1,,0.0,ioc,,0.0,1,,stock,
2025-03-24 09:30:00-04:00,MLPortfolioStrategy,,bt_69,ZAP,sell,limit,fill,24.950000762939453,48.6688,1,0.0,0.0,ioc,,0.0,1,,stock,
2025-03-24 09:30:00-04:00,MLPortfolioStrategy,,bt_70,SPY,sell,limit,fill,570.7999877929688,1.3794,1,0.0,0.0,ioc,,0.0,1,,stock,
2025-03-24 09:30:00-04:00,MLPortfolioStrategy,,bt_72,GLD,buy,limit,fill,278.9100036621094,2.0049,1,0.0,0.0,ioc,,0.0,1,,stock,
2025-03-24 09:30:00-04:00,MLPortfolioStrategy,,bt_73,SLV,buy,limit,fill,30.1299991607666,43.7561,1,0.0,0.0,ioc,,0.0,1,,stock,
2025-03-25 09:30:00-04:00,MLPortfolioStrategy,,bt_74,SLV,sell,limit,new,,,1,,0.0,ioc,,0.0,1,,stock,
2025-03-25 09:30:00-04:00,MLPortfolioStrategy,,bt_75,SMH,sell,limit,new,,,1,,0.0,ioc,,0.0,1,,stock,
2025-03-25 09:30:00-04:00,MLPortfolioStrategy,,bt_76,BTC-USD,buy,limit,new,,,1,,0.0,ioc,,0.0,1,,stock,
2025-03-25 09:30:00-04:00,MLPortfolioStrategy,,bt_74,SLV,sell,limit,fill,30.549999237060547,10.359000000000002,1,0.0,0.0,ioc,,0.0,1,,stock,
2025-03-25 09:30:00-04:00,MLPortfolioStrategy,,bt_75,SMH,sell,limit,fill,230.4499969482422,1.1288999999999998,1,0.0,0.0,ioc,,0.0,1,,stock,
2025-03-25 09:30:00-04:00,MLPortfolioStrategy,,bt_76,BTC-USD,buy,limit,fill,86501.28,0.00451019,1,0.0,0.0,ioc,,0.0,1,,stock,
2025-03-26 09:30:00-04:00,MLPortfolioStrategy,,bt_77,DFEN,sell,limit,new,,,1,,0.0,ioc,,0.0,1,,stock,
2025-03-26 09:30:00-04:00,MLPortfolioStrategy,,bt_78,SPY,sell,limit,new,,,1,,0.0,ioc,,0.0,1,,stock,
2025-03-26 09:30:00-04:00,MLPortfolioStrategy,,bt_79,BTC-USD,buy,limit,new,,,1,,0.0,ioc,,0.0,1,,stock,
2025-03-26 09:30:00-04:00,MLPortfolioStrategy,,bt_80,GLD,buy,limit,new,,,1,,0.0,ioc,,0.0,1,,stock,
2025-03-26 09:30:00-04:00,MLPortfolioStrategy,,bt_81,ZAP,buy,limit,new,,,1,,0.0,ioc,,0.0,1,,stock,
2025-03-26 09:30:00-04:00,MLPortfolioStrategy,,bt_77,DFEN,sell,limit,fill,34.83000183105469,9.4133,1,0.0,0.0,ioc,,0.0,1,,stock,
2025-03-26 09:30:00-04:00,MLPortfolioStrategy,,bt_78,SPY,sell,limit,fill,575.1900024414062,0.49579999999999996,1,0.0,0.0,ioc,,0.0,1,,stock,
2025-03-26 09:30:00-04:00,MLPortfolioStrategy,,bt_79,BTC-USD,buy,limit,fill,87460.234375,0.0016378999999999994,1,0.0,0.0,ioc,,0.0,1,,stock,
2025-03-26 09:30:00-04:00,MLPortfolioStrategy,,bt_80,GLD,buy,limit,fill,278.92999267578125,0.5841000000000003,1,0.0,0.0,ioc,,0.0,1,,stock,
2025-03-26 09:30:00-04:00,MLPortfolioStrategy,,bt_81,ZAP,buy,limit,fill,24.420000076293945,10.840900000000001,1,0.0,0.0,ioc,,0.0,1,,stock,
2025-03-27 09:30:00-04:00,MLPortfolioStrategy,,bt_82,SMH,sell,limit,new,,,1,,0.0,ioc,,0.0,1,,stock,
2025-03-27 09:30:00-04:00,MLPortfolioStrategy,,bt_83,BTC-USD,sell,limit,new,,,1,,0.0,ioc,,0.0,1,,stock,
2025-03-27 09:30:00-04:00,MLPortfolioStrategy,,bt_84,DFEN,sell,limit,new,,,1,,0.0,ioc,,0.0,1,,stock,
2025-03-27 09:30:00-04:00,MLPortfolioStrategy,,bt_85,ZAP,buy,limit,new,,,1,,0.0,ioc,,0.0,1,,stock,
2025-03-27 09:30:00-04:00,MLPortfolioStrategy,,bt_86,SPY,buy,limit,new,,,1,,0.0,ioc,,0.0,1,,stock,
2025-03-27 09:30:00-04:00,MLPortfolioStrategy,,bt_87,SLV,buy,limit,new,,,1,,0.0,ioc,,0.0,1,,stock,
2025-03-27 09:30:00-04:00,MLPortfolioStrategy,,bt_83,BTC-USD,sell,limit,fill,87022.93,0.00538811,1,0.0,0.0,ioc,,0.0,1,,stock,
2025-03-27 09:30:00-04:00,MLPortfolioStrategy,,bt_85,ZAP,buy,limit,fill,24.399999618530273,6.276399999999999,1,0.0,0.0,ioc,,0.0,1,,stock,
2025-03-27 09:30:00-04:00,MLPortfolioStrategy,,bt_86,SPY,buy,limit,fill,567.1799926757812,0.47700000000000004,1,0.0,0.0,ioc,,0.0,1,,stock,
2025-03-27 09:30:00-04:00,MLPortfolioStrategy,,bt_87,SLV,buy,limit,fill,30.770000457763672,17.489799999999995,1,0.0,0.0,ioc,,0.0,1,,stock,
2025-03-28 08:30:00-04:00,MLPortfolioStrategy,,bt_71,BTC-USD,buy,limit,fill,84251.06,0.0020246599999999993,1,0.0,0.0,ioc,,0.0,1,,stock,
2025-03-28 09:30:00-04:00,MLPortfolioStrategy,,bt_88,GLD,sell,limit,new,,,1,,0.0,ioc,,0.0,1,,stock,
2025-03-28 09:30:00-04:00,MLPortfolioStrategy,,bt_89,SLV,sell,limit,new,,,1,,0.0,ioc,,0.0,1,,stock,
2025-03-28 09:30:00-04:00,MLPortfolioStrategy,,bt_90,DFEN,sell,limit,new,,,1,,0.0,ioc,,0.0,1,,stock,
2025-03-28 09:30:00-04:00,MLPortfolioStrategy,,bt_91,ZAP,buy,limit,new,,,1,,0.0,ioc,,0.0,1,,stock,
2025-03-28 09:30:00-04:00,MLPortfolioStrategy,,bt_92,BTC-USD,buy,limit,new,,,1,,0.0,ioc,,0.0,1,,stock,
2025-03-28 09:30:00-04:00,MLPortfolioStrategy,,bt_88,GLD,sell,limit,fill,283.82000732421875,2.0177,1,0.0,0.0,ioc,,0.0,1,,stock,
2025-03-28 09:30:00-04:00,MLPortfolioStrategy,,bt_89,SLV,sell,limit,fill,31.389999389648438,14.317999999999998,1,0.0,0.0,ioc,,0.0,1,,stock,
2025-03-28 09:30:00-04:00,MLPortfolioStrategy,,bt_91,ZAP,buy,limit,fill,24.399999618530273,4.4887000000000015,1,0.0,0.0,ioc,,0.0,1,,stock,
2025-03-28 09:30:00-04:00,MLPortfolioStrategy,,bt_92,BTC-USD,buy,limit,fill,87185.234375,0.003389050000000001,1,0.0,0.0,ioc,,0.0,1,,stock,
2025-03-31 09:30:00-04:00,MLPortfolioStrategy,,bt_93,SLV,sell,limit,new,,,1,,0.0,ioc,,0.0,1,,stock,
2025-03-31 09:30:00-04:00,MLPortfolioStrategy,,bt_94,SMH,sell,limit,new,,,1,,0.0,ioc,,0.0,1,,stock,
2025-03-31 09:30:00-04:00,MLPortfolioStrategy,,bt_95,BTC-USD,sell,limit,new,,,1,,0.0,ioc,,0.0,1,,stock,
2025-03-31 09:30:00-04:00,MLPortfolioStrategy,,bt_96,GLD,buy,limit,new,,,1,,0.0,ioc,,0.0,1,,stock,
2025-03-31 09:30:00-04:00,MLPortfolioStrategy,,bt_97,SPY,buy,limit,new,,,1,,0.0,ioc,,0.0,1,,stock,
2025-03-31 09:30:00-04:00,MLPortfolioStrategy,,bt_95,BTC-USD,sell,limit,fill,82336.0625,0.0017838799999999998,1,0.0,0.0,ioc,,0.0,1,,stock,
2025-03-31 09:30:00-04:00,MLPortfolioStrategy,,bt_97,SPY,buy,limit,fill,549.8300170898438,0.8258000000000001,1,0.0,0.0,ioc,,0.0,1,,stock,
2025-04-01 09:30:00-04:00,MLPortfolioStrategy,,bt_98,BTC-USD,sell,limit,new,,,1,,0.0,ioc,,0.0,1,,stock,
2025-04-01 09:30:00-04:00,MLPortfolioStrategy,,bt_99,SLV,sell,limit,new,,,1,,0.0,ioc,,0.0,1,,stock,
2025-04-01 09:30:00-04:00,MLPortfolioStrategy,,bt_100,SPY,sell,limit,new,,,1,,0.0,ioc,,0.0,1,,stock,
2025-04-01 09:30:00-04:00,MLPortfolioStrategy,,bt_101,DFEN,buy,limit,new,,,1,,0.0,ioc,,0.0,1,,stock,
2025-04-01 09:30:00-04:00,MLPortfolioStrategy,,bt_102,GLD,buy,limit,new,,,1,,0.0,ioc,,0.0,1,,stock,
2025-04-01 09:30:00-04:00,MLPortfolioStrategy,,bt_98,BTC-USD,sell,limit,fill,82551.921875,0.00542194,1,0.0,0.0,ioc,,0.0,1,,stock,
2025-04-01 09:30:00-04:00,MLPortfolioStrategy,,bt_99,SLV,sell,limit,fill,30.8700008392334,11.933900000000001,1,0.0,0.0,ioc,,0.0,1,,stock,
2025-04-01 09:30:00-04:00,MLPortfolioStrategy,,bt_100,SPY,sell,limit,fill,557.4500122070312,0.3074000000000001,1,0.0,0.0,ioc,,0.0,1,,stock,
2025-04-01 09:30:00-04:00,MLPortfolioStrategy,,bt_101,DFEN,buy,limit,fill,29.91,5.437999999999999,1,0.0,0.0,ioc,,0.0,1,,stock,
2025-04-01 09:30:00-04:00,MLPortfolioStrategy,,bt_102,GLD,buy,limit,fill,288.5400085449219,1.7505000000000002,1,0.0,0.0,ioc,,0.0,1,,stock,
2025-04-02 08:30:00-04:00,MLPortfolioStrategy,,bt_94,SMH,sell,limit,fill,215.72,0.7772000000000001,1,0.0,0.0,ioc,,0.0,1,,stock,
2025-04-02 09:30:00-04:00,MLPortfolioStrategy,,bt_103,ZAP,sell,limit,new,,,1,,0.0,ioc,,0.0,1,,stock,
2025-04-02 09:30:00-04:00,MLPortfolioStrategy,,bt_104,DFEN,sell,limit,new,,,1,,0.0,ioc,,0.0,1,,stock,
2025-04-02 09:30:00-04:00,MLPortfolioStrategy,,bt_105,SMH,buy,limit,new,,,1,,0.0,ioc,,0.0,1,,stock,
2025-04-02 09:30:00-04:00,MLPortfolioStrategy,,bt_106,SLV,buy,limit,new,,,1,,0.0,ioc,,0.0,1,,stock,
2025-04-02 09:30:00-04:00,MLPortfolioStrategy,,bt_103,ZAP,sell,limit,fill,24.600000381469727,10.218100000000003,1,0.0,0.0,ioc,,0.0,1,,stock,
2025-04-02 09:30:00-04:00,MLPortfolioStrategy,,bt_104,DFEN,sell,limit,fill,30.19,6.361799999999999,1,0.0,0.0,ioc,,0.0,1,,stock,
2025-04-02 09:30:00-04:00,MLPortfolioStrategy,,bt_105,SMH,buy,limit,fill,208.9600067138672,2.4608000000000003,1,0.0,0.0,ioc,,0.0,1,,stock,
2025-04-02 09:30:00-04:00,MLPortfolioStrategy,,bt_106,SLV,buy,limit,fill,30.739999771118164,17.549300000000002,1,0.0,0.0,ioc,,0.0,1,,stock,
2025-04-03 08:30:00-04:00,MLPortfolioStrategy,,bt_96,GLD,buy,limit,fill,282.7799987792969,0.8029999999999999,1,0.0,0.0,ioc,,0.0,1,,stock,
2025-04-03 09:30:00-04:00,MLPortfolioStrategy,,bt_107,SPY,sell,limit,new,,,1,,0.0,ioc,,0.0,1,,stock,
2025-04-03 09:30:00-04:00,MLPortfolioStrategy,,bt_108,SLV,sell,limit,new,,,1,,0.0,ioc,,0.0,1,,stock,
2025-04-03 09:30:00-04:00,MLPortfolioStrategy,,bt_109,SMH,sell,limit,new,,,1,,0.0,ioc,,0.0,1,,stock,
2025-04-03 09:30:00-04:00,MLPortfolioStrategy,,bt_110,GLD,sell,limit,new,,,1,,0.0,ioc,,0.0,1,,stock,
2025-04-03 09:30:00-04:00,MLPortfolioStrategy,,bt_111,BTC-USD,buy,limit,new,,,1,,0.0,ioc,,0.0,1,,stock,
2025-04-03 09:30:00-04:00,MLPortfolioStrategy,,bt_112,ZAP,buy,limit,new,,,1,,0.0,ioc,,0.0,1,,stock,
2025-04-03 09:30:00-04:00,MLPortfolioStrategy,,bt_113,DFEN,buy,limit,new,,,1,,0.0,ioc,,0.0,1,,stock,
2025-04-03 09:30:00-04:00,MLPortfolioStrategy,,bt_110,GLD,sell,limit,fill,286.84,0.5142000000000007,1,0.0,0.0,ioc,,0.0,1,,stock,
2025-04-03 09:30:00-04:00,MLPortfolioStrategy,,bt_111,BTC-USD,buy,limit,fill,82487.4765625,0.0018425199999999994,1,0.0,0.0,ioc,,0.0,1,,stock,
2025-04-03 09:30:00-04:00,MLPortfolioStrategy,,bt_112,ZAP,buy,limit,fill,24.450000762939453,13.0902,1,0.0,0.0,ioc,,0.0,1,,stock,
2025-04-03 09:30:00-04:00,MLPortfolioStrategy,,bt_113,DFEN,buy,limit,fill,28.770000457763672,11.5046,1,0.0,0.0,ioc,,0.0,1,,stock,
2025-04-04 08:30:00-04:00,MLPortfolioStrategy,,bt_5,SLV,buy,limit,fill,27.959999084472656,49.9103,1,0.0,0.0,ioc,,0.0,1,,stock,
2025-04-04 09:30:00-04:00,MLPortfolioStrategy,,bt_114,SLV,sell,limit,new,,,1,,0.0,ioc,,0.0,1,,stock,
2025-04-04 09:30:00-04:00,MLPortfolioStrategy,,bt_115,SMH,sell,limit,new,,,1,,0.0,ioc,,0.0,1,,stock,
2025-04-04 09:30:00-04:00,MLPortfolioStrategy,,bt_116,GLD,sell,limit,new,,,1,,0.0,ioc,,0.0,1,,stock,
2025-04-04 09:30:00-04:00,MLPortfolioStrategy,,bt_117,SPY,sell,limit,new,,,1,,0.0,ioc,,0.0,1,,stock,
2025-04-04 09:30:00-04:00,MLPortfolioStrategy,,bt_118,DFEN,sell,limit,new,,,1,,0.0,ioc,,0.0,1,,stock,
2025-04-04 09:30:00-04:00,MLPortfolioStrategy,,bt_119,ZAP,sell,limit,new,,,1,,0.0,ioc,,0.0,1,,stock,
2025-04-04 09:30:00-04:00,MLPortfolioStrategy,,bt_120,BTC-USD,sell,limit,new,,,1,,0.0,ioc,,0.0,1,,stock,
2025-04-04 09:30:00-04:00,MLPortfolioStrategy,,bt_116,GLD,sell,limit,fill,283.6400146484375,2.4278999999999997,1,0.0,0.0,ioc,,0.0,1,,stock,
2025-04-04 09:30:00-04:00,MLPortfolioStrategy,,bt_120,BTC-USD,sell,limit,fill,83100.25,0.00205844,1,0.0,0.0,ioc,,0.0,1,,stock,
2025-04-07 09:30:00-04:00,MLPortfolioStrategy,,bt_121,SLV,sell,limit,new,,,1,,0.0,ioc,,0.0,1,,stock,
2025-04-07 09:30:00-04:00,MLPortfolioStrategy,,bt_122,SMH,sell,limit,new,,,1,,0.0,ioc,,0.0,1,,stock,
2025-04-07 09:30:00-04:00,MLPortfolioStrategy,,bt_123,SPY,sell,limit,new,,,1,,0.0,ioc,,0.0,1,,stock,
2025-04-07 09:30:00-04:00,MLPortfolioStrategy,,bt_124,ZAP,sell,limit,new,,,1,,0.0,ioc,,0.0,1,,stock,
2025-04-07 09:30:00-04:00,MLPortfolioStrategy,,bt_125,GLD,sell,limit,new,,,1,,0.0,ioc,,0.0,1,,stock,
2025-04-07 09:30:00-04:00,MLPortfolioStrategy,,bt_126,DFEN,sell,limit,new,,,1,,0.0,ioc,,0.0,1,,stock,
2025-04-07 09:30:00-04:00,MLPortfolioStrategy,,bt_121,SLV,sell,limit,fill,27.82,81.5399,1,0.0,0.0,ioc,,0.0,1,,stock,
2025-04-07 09:30:00-04:00,MLPortfolioStrategy,,bt_122,SMH,sell,limit,fill,187.76,2.6322,1,0.0,0.0,ioc,,0.0,1,,stock,
2025-04-07 09:30:00-04:00,MLPortfolioStrategy,,bt_123,SPY,sell,limit,fill,521.05,0.9248000000000001,1,0.0,0.0,ioc,,0.0,1,,stock,
2025-04-08 09:30:00-04:00,MLPortfolioStrategy,,bt_127,BTC-USD,sell,market,new,,,1,,0.0,gtc,,0.0,1,,stock,
2025-04-08 09:30:00-04:00,MLPortfolioStrategy,,bt_128,SPY,sell,market,new,,,1,,0.0,gtc,,0.0,1,,stock,
2025-04-08 09:30:00-04:00,MLPortfolioStrategy,,bt_129,GLD,sell,market,new,,,1,,0.0,gtc,,0.0,1,,stock,
2025-04-08 09:30:00-04:00,MLPortfolioStrategy,,bt_130,SLV,sell,market,new,,,1,,0.0,gtc,,0.0,1,,stock,
2025-04-08 09:30:00-04:00,MLPortfolioStrategy,,bt_131,SMH,sell,market,new,,,1,,0.0,gtc,,0.0,1,,stock,
2025-04-08 09:30:00-04:00,MLPortfolioStrategy,,bt_132,ZAP,sell,market,new,,,1,,0.0,gtc,,0.0,1,,stock,
2025-04-08 09:30:00-04:00,MLPortfolioStrategy,,bt_133,DFEN,sell,market,new,,,1,,0.0,gtc,,0.0,1,,stock,
2025-04-08 09:30:00-04:00,MLPortfolioStrategy,,bt_8,BTC-USD,sell,limit,canceled,,,1,,0.0,ioc,,0.0,1,,stock,
2025-04-08 09:30:00-04:00,MLPortfolioStrategy,,bt_127,BTC-USD,sell,market,fill,79218.4765625,0.00300383,1,0.0,0.0,gtc,,0.0,1,,stock,
2025-04-08 09:30:00-04:00,MLPortfolioStrategy,,bt_107,SPY,sell,limit,canceled,,,1,,0.0,ioc,,0.0,1,,stock,
2025-04-08 09:30:00-04:00,MLPortfolioStrategy,,bt_117,SPY,sell,limit,canceled,,,1,,0.0,ioc,,0.0,1,,stock,
2025-04-08 09:30:00-04:00,MLPortfolioStrategy,,bt_128,SPY,sell,market,fill,521.8599853515625,0.3857999999999999,1,0.0,0.0,gtc,,0.0,1,,stock,
2025-04-08 09:30:00-04:00,MLPortfolioStrategy,,bt_125,GLD,sell,limit,canceled,,,1,,0.0,ioc,,0.0,1,,stock,
2025-04-08 09:30:00-04:00,MLPortfolioStrategy,,bt_129,GLD,sell,market,fill,277.8699951171875,2.3257,1,0.0,0.0,gtc,,0.0,1,,stock,
2025-04-08 09:30:00-04:00,MLPortfolioStrategy,,bt_93,SLV,sell,limit,canceled,,,1,,0.0,ioc,,0.0,1,,stock,
2025-04-08 09:30:00-04:00,MLPortfolioStrategy,,bt_108,SLV,sell,limit,canceled,,,1,,0.0,ioc,,0.0,1,,stock,
2025-04-08 09:30:00-04:00,MLPortfolioStrategy,,bt_114,SLV,sell,limit,canceled,,,1,,0.0,ioc,,0.0,1,,stock,
2025-04-08 09:30:00-04:00,MLPortfolioStrategy,,bt_130,SLV,sell,market,fill,27.6299991607666,19.536699999999996,1,0.0,0.0,gtc,,0.0,1,,stock,
2025-04-08 09:30:00-04:00,MLPortfolioStrategy,,bt_82,SMH,sell,limit,canceled,,,1,,0.0,ioc,,0.0,1,,stock,
2025-04-08 09:30:00-04:00,MLPortfolioStrategy,,bt_109,SMH,sell,limit,canceled,,,1,,0.0,ioc,,0.0,1,,stock,
2025-04-08 09:30:00-04:00,MLPortfolioStrategy,,bt_115,SMH,sell,limit,canceled,,,1,,0.0,ioc,,0.0,1,,stock,
2025-04-08 09:30:00-04:00,MLPortfolioStrategy,,bt_131,SMH,sell,market,fill,192.99000549316406,2.737,1,0.0,0.0,gtc,,0.0,1,,stock,
2025-04-08 09:30:00-04:00,MLPortfolioStrategy,,bt_119,ZAP,sell,limit,canceled,,,1,,0.0,ioc,,0.0,1,,stock,
2025-04-08 09:30:00-04:00,MLPortfolioStrategy,,bt_124,ZAP,sell,limit,canceled,,,1,,0.0,ioc,,0.0,1,,stock,
2025-04-08 09:30:00-04:00,MLPortfolioStrategy,,bt_132,ZAP,sell,market,fill,23.389999389648438,32.1915,1,0.0,0.0,gtc,,0.0,1,,stock,
2025-04-08 09:30:00-04:00,MLPortfolioStrategy,,bt_84,DFEN,sell,limit,canceled,,,1,,0.0,ioc,,0.0,1,,stock,
2025-04-08 09:30:00-04:00,MLPortfolioStrategy,,bt_90,DFEN,sell,limit,canceled,,,1,,0.0,ioc,,0.0,1,,stock,
2025-04-08 09:30:00-04:00,MLPortfolioStrategy,,bt_118,DFEN,sell,limit,canceled,,,1,,0.0,ioc,,0.0,1,,stock,
2025-04-08 09:30:00-04:00,MLPortfolioStrategy,,bt_126,DFEN,sell,limit,canceled,,,1,,0.0,ioc,,0.0,1,,stock,
2025-04-08 09:30:00-04:00,MLPortfolioStrategy,,bt_133,DFEN,sell,market,fill,23.68000030517578,25.7041,1,0.0,0.0,gtc,,0.0,1,,stock,
