time,side,status,filled_quantity,symbol,asset.asset_type,asset.right,asset.strike,asset.expiration,price,type,asset.multiplier,trade_cost,trade_slippage
2025-01-02 09:30:00-05:00,buy,new,,BTC-USD,stock,,0.0,,,limit,1,,0.0
2025-01-02 09:30:00-05:00,buy,new,,SPY,stock,,0.0,,,limit,1,,0.0
2025-01-02 09:30:00-05:00,buy,new,,GLD,stock,,0.0,,,limit,1,,0.0
2025-01-02 09:30:00-05:00,buy,new,,SLV,stock,,0.0,,,limit,1,,0.0
2025-01-02 09:30:00-05:00,buy,new,,SMH,stock,,0.0,,,limit,1,,0.0
2025-01-02 09:30:00-05:00,buy,new,,DFEN,stock,,0.0,,,limit,1,,0.0
2025-01-02 09:30:00-05:00,buy,fill,1.6117,SPY,stock,,0.0,,589.3900146484375,limit,1,0.0,0.0
2025-01-02 09:30:00-05:00,buy,fill,5.8729,SMH,stock,,0.0,,244.52000427246094,limit,1,0.0,0.0
2025-01-02 09:30:00-05:00,buy,fill,29.6628,DFEN,stock,,0.0,,28.079999923706055,limit,1,0.0,0.0
2025-01-03 09:30:00-05:00,buy,new,,BTC-USD,stock,,0.0,,,limit,1,,0.0
2025-01-03 09:30:00-05:00,buy,new,,GLD,stock,,0.0,,,limit,1,,0.0
2025-01-03 09:30:00-05:00,buy,new,,SLV,stock,,0.0,,,limit,1,,0.0
2025-01-03 09:30:00-05:00,buy,new,,DFEN,stock,,0.0,,,limit,1,,0.0
2025-01-03 09:30:00-05:00,buy,fill,6.7207,GLD,stock,,0.0,,244.55999755859375,limit,1,0.0,0.0
2025-01-03 09:30:00-05:00,buy,fill,30.7619,DFEN,stock,,0.0,,27.389999389648438,limit,1,0.0,0.0
2025-01-06 08:30:00-05:00,buy,fill,8.5293,GLD,stock,,0.0,,242.26,limit,1,0.0,0.0
2025-01-06 09:30:00-05:00,buy,new,,BTC-USD,stock,,0.0,,,limit,1,,0.0
2025-01-06 09:30:00-05:00,sell,new,,GLD,stock,,0.0,,,limit,1,,0.0
2025-01-06 09:30:00-05:00,buy,new,,SLV,stock,,0.0,,,limit,1,,0.0
2025-01-06 09:30:00-05:00,buy,fill,0.01554066,BTC-USD,stock,,0.0,,98314.953125,limit,1,0.0,0.0
2025-01-06 09:30:00-05:00,sell,fill,10.3696,GLD,stock,,0.0,,243.34,limit,1,0.0,0.0
2025-01-06 09:30:00-05:00,buy,fill,65.0426,SLV,stock,,0.0,,27.1299991607666,limit,1,0.0,0.0
2025-01-08 08:30:00-05:00,buy,fill,0.01688994,BTC-USD,stock,,0.0,,93892.23,limit,1,0.0,0.0
2025-01-08 08:30:00-05:00,buy,fill,0.0148842,BTC-USD,stock,,0.0,,94888.37,limit,1,0.0,0.0
2025-01-08 09:30:00-05:00,sell,new,,BTC-USD,stock,,0.0,,,limit,1,,0.0
2025-01-08 09:30:00-05:00,sell,new,,DFEN,stock,,0.0,,,limit,1,,0.0
2025-01-08 09:30:00-05:00,sell,fill,23.264700000000005,DFEN,stock,,0.0,,27.21,limit,1,0.0,0.0
2025-01-10 09:30:00-05:00,sell,new,,BTC-USD,stock,,0.0,,,limit,1,,0.0
2025-01-10 09:30:00-05:00,sell,new,,SMH,stock,,0.0,,,limit,1,,0.0
2025-01-10 09:30:00-05:00,buy,new,,DFEN,stock,,0.0,,,limit,1,,0.0
2025-01-10 09:30:00-05:00,sell,fill,0.040472009999999996,BTC-USD,stock,,0.0,,94568.27,limit,1,0.0,0.0
2025-01-10 09:30:00-05:00,buy,fill,36.8155,DFEN,stock,,0.0,,27.17,limit,1,0.0,0.0
2025-01-13 09:30:00-05:00,buy,new,,GLD,stock,,0.0,,,limit,1,,0.0
2025-01-13 09:30:00-05:00,sell,new,,SMH,stock,,0.0,,,limit,1,,0.0
2025-01-13 09:30:00-05:00,sell,new,,DFEN,stock,,0.0,,,limit,1,,0.0
2025-01-13 09:30:00-05:00,buy,fill,3.7199000000000018,GLD,stock,,0.0,,246.33999633789062,limit,1,0.0,0.0
2025-01-13 09:30:00-05:00,sell,fill,33.4019,DFEN,stock,,0.0,,27.19,limit,1,0.0,0.0
2025-01-14 08:30:00-05:00,sell,fill,2.8412999999999995,SMH,stock,,0.0,,248.16,limit,1,0.0,0.0
2025-01-14 09:30:00-05:00,buy,new,,BTC-USD,stock,,0.0,,,limit,1,,0.0
2025-01-14 09:30:00-05:00,buy,fill,0.010020409999999995,BTC-USD,stock,,0.0,,94519.0078125,limit,1,0.0,0.0
2025-01-15 09:30:00-05:00,buy,new,,SPY,stock,,0.0,,,limit,1,,0.0
2025-01-15 09:30:00-05:00,sell,new,,GLD,stock,,0.0,,,limit,1,,0.0
2025-01-15 09:30:00-05:00,sell,new,,SLV,stock,,0.0,,,limit,1,,0.0
2025-01-15 09:30:00-05:00,sell,fill,2.883800000000001,GLD,stock,,0.0,,248.2100067138672,limit,1,0.0,0.0
2025-01-15 09:30:00-05:00,sell,fill,31.394999999999996,SLV,stock,,0.0,,27.690000534057617,limit,1,0.0,0.0
2025-01-16 08:30:00-05:00,sell,fill,2.7522999999999995,SMH,stock,,0.0,,257.1099853515625,limit,1,0.0,0.0
2025-01-16 09:30:00-05:00,sell,new,,BTC-USD,stock,,0.0,,,limit,1,,0.0
2025-01-16 09:30:00-05:00,buy,new,,SMH,stock,,0.0,,,limit,1,,0.0
2025-01-16 09:30:00-05:00,sell,fill,0.007307659999999999,BTC-USD,stock,,0.0,,100505.296875,limit,1,0.0,0.0
2025-01-17 08:30:00-05:00,sell,fill,0.03995301,BTC-USD,stock,,0.0,,101737.61,limit,1,0.0,0.0
2025-01-17 09:30:00-05:00,buy,new,,BTC-USD,stock,,0.0,,,limit,1,,0.0
2025-01-17 09:30:00-05:00,buy,new,,SMH,stock,,0.0,,,limit,1,,0.0
2025-01-17 09:30:00-05:00,buy,fill,0.04045442,BTC-USD,stock,,0.0,,100025.765625,limit,1,0.0,0.0
2025-01-17 09:30:00-05:00,buy,fill,4.7448,SMH,stock,,0.0,,257.9800109863281,limit,1,0.0,0.0
2025-01-23 09:30:00-05:00,buy,new,,SLV,stock,,0.0,,,limit,1,,0.0
2025-01-23 09:30:00-05:00,buy,fill,32.467,SLV,stock,,0.0,,27.520000457763672,limit,1,0.0,0.0
2025-01-24 09:30:00-05:00,buy,new,,SPY,stock,,0.0,,,limit,1,,0.0
2025-01-24 09:30:00-05:00,buy,new,,ZAP,stock,,0.0,,,limit,1,,0.0
2025-01-24 09:30:00-05:00,sell,new,,DFEN,stock,,0.0,,,limit,1,,0.0
2025-01-24 09:30:00-05:00,buy,fill,0.9205000000000001,SPY,stock,,0.0,,608.83,limit,1,0.0,0.0
2025-01-24 09:30:00-05:00,buy,fill,33.9722,ZAP,stock,,0.0,,25.93000030517578,limit,1,0.0,0.0
2025-01-24 09:30:00-05:00,sell,fill,27.1051,DFEN,stock,,0.0,,34.880001068115234,limit,1,0.0,0.0
2025-01-27 08:30:00-05:00,buy,fill,5.242099999999999,SMH,stock,,0.0,,242.47999572753906,limit,1,0.0,0.0
2025-01-27 09:30:00-05:00,sell,new,,SPY,stock,,0.0,,,limit,1,,0.0
2025-01-27 09:30:00-05:00,sell,new,,SMH,stock,,0.0,,,limit,1,,0.0
2025-01-28 09:30:00-05:00,sell,new,,SPY,stock,,0.0,,,limit,1,,0.0
2025-01-28 09:30:00-05:00,sell,new,,SMH,stock,,0.0,,,limit,1,,0.0
2025-01-28 09:30:00-05:00,sell,fill,1.1003,SPY,stock,,0.0,,600.6199951171875,limit,1,0.0,0.0
2025-01-29 08:30:00-05:00,sell,fill,6.0310999999999995,SMH,stock,,0.0,,242.41000366210938,limit,1,0.0,0.0
2025-01-29 09:30:00-05:00,buy,new,,SPY,stock,,0.0,,,limit,1,,0.0
2025-01-29 09:30:00-05:00,sell,new,,SLV,stock,,0.0,,,limit,1,,0.0
2025-01-29 09:30:00-05:00,buy,new,,DFEN,stock,,0.0,,,limit,1,,0.0
2025-01-29 09:30:00-05:00,buy,fill,1.2019,SPY,stock,,0.0,,603.62,limit,1,0.0,0.0
2025-01-29 09:30:00-05:00,sell,fill,22.805899999999994,SLV,stock,,0.0,,28.059999465942383,limit,1,0.0,0.0
2025-01-29 09:30:00-05:00,buy,fill,20.474400000000003,DFEN,stock,,0.0,,32.790000915527344,limit,1,0.0,0.0
2025-01-30 09:30:00-05:00,buy,new,,BTC-USD,stock,,0.0,,,limit,1,,0.0
2025-01-30 09:30:00-05:00,sell,new,,DFEN,stock,,0.0,,,limit,1,,0.0
2025-01-30 09:30:00-05:00,sell,fill,16.5503,DFEN,stock,,0.0,,32.63,limit,1,0.0,0.0
2025-01-31 08:30:00-05:00,sell,fill,1.0638,SPY,stock,,0.0,,607.5,limit,1,0.0,0.0
2025-01-31 08:30:00-05:00,buy,fill,0.005736340000000001,BTC-USD,stock,,0.0,,101824.11,limit,1,0.0,0.0
2025-01-31 09:30:00-05:00,sell,new,,GLD,stock,,0.0,,,limit,1,,0.0
2025-01-31 09:30:00-05:00,buy,new,,ZAP,stock,,0.0,,,limit,1,,0.0
2025-01-31 09:30:00-05:00,sell,fill,2.7039,GLD,stock,,0.0,,259.0799865722656,limit,1,0.0,0.0
2025-01-31 09:30:00-05:00,buy,fill,36.183400000000006,ZAP,stock,,0.0,,25.02,limit,1,0.0,0.0
2025-02-03 09:30:00-05:00,sell,new,,BTC-USD,stock,,0.0,,,limit,1,,0.0
2025-02-03 09:30:00-05:00,buy,new,,SPY,stock,,0.0,,,limit,1,,0.0
2025-02-03 09:30:00-05:00,buy,new,,GLD,stock,,0.0,,,limit,1,,0.0
2025-02-03 09:30:00-05:00,buy,new,,SMH,stock,,0.0,,,limit,1,,0.0
2025-02-03 09:30:00-05:00,sell,new,,ZAP,stock,,0.0,,,limit,1,,0.0
2025-02-03 09:30:00-05:00,sell,fill,0.008240250000000001,BTC-USD,stock,,0.0,,100158.23,limit,1,0.0,0.0
2025-02-03 09:30:00-05:00,buy,fill,1.2522000000000002,SPY,stock,,0.0,,592.6699829101562,limit,1,0.0,0.0
2025-02-03 09:30:00-05:00,buy,fill,5.9232000000000005,GLD,stock,,0.0,,259.75,limit,1,0.0,0.0
2025-02-03 09:30:00-05:00,buy,fill,2.2813,SMH,stock,,0.0,,235.97000122070312,limit,1,0.0,0.0
2025-02-03 09:30:00-05:00,sell,fill,24.89200000000001,ZAP,stock,,0.0,,25.08,limit,1,0.0,0.0
2025-02-05 09:30:00-05:00,sell,new,,GLD,stock,,0.0,,,limit,1,,0.0
2025-02-05 09:30:00-05:00,buy,new,,SLV,stock,,0.0,,,limit,1,,0.0
2025-02-05 09:30:00-05:00,sell,fill,2.7029000000000005,GLD,stock,,0.0,,264.45001220703125,limit,1,0.0,0.0
2025-02-06 08:30:00-05:00,buy,fill,19.029399999999995,SLV,stock,,0.0,,29.239999771118164,limit,1,0.0,0.0
2025-02-07 09:30:00-05:00,buy,new,,ZAP,stock,,0.0,,,limit,1,,0.0
2025-02-07 09:30:00-05:00,buy,fill,23.040900000000008,ZAP,stock,,0.0,,25.21,limit,1,0.0,0.0
2025-02-10 09:30:00-05:00,sell,new,,SPY,stock,,0.0,,,limit,1,,0.0
2025-02-10 09:30:00-05:00,sell,new,,ZAP,stock,,0.0,,,limit,1,,0.0
2025-02-10 09:30:00-05:00,sell,fill,0.9284000000000001,SPY,stock,,0.0,,604.030029296875,limit,1,0.0,0.0
2025-02-10 09:30:00-05:00,sell,fill,32.215700000000005,ZAP,stock,,0.0,,25.25,limit,1,0.0,0.0
2025-02-11 09:30:00-05:00,buy,new,,BTC-USD,stock,,0.0,,,limit,1,,0.0
2025-02-11 09:30:00-05:00,buy,fill,0.011427340000000001,BTC-USD,stock,,0.0,,96981.96,limit,1,0.0,0.0
2025-02-12 09:30:00-05:00,sell,new,,BTC-USD,stock,,0.0,,,limit,1,,0.0
2025-02-12 09:30:00-05:00,sell,new,,GLD,stock,,0.0,,,limit,1,,0.0
2025-02-12 09:30:00-05:00,buy,new,,DFEN,stock,,0.0,,,limit,1,,0.0
2025-02-12 09:30:00-05:00,sell,fill,0.007631970000000002,BTC-USD,stock,,0.0,,96950.94,limit,1,0.0,0.0
2025-02-12 09:30:00-05:00,sell,fill,2.0583,GLD,stock,,0.0,,267.1499938964844,limit,1,0.0,0.0
2025-02-12 09:30:00-05:00,buy,fill,32.1273,DFEN,stock,,0.0,,33.279998779296875,limit,1,0.0,0.0
2025-02-13 09:30:00-05:00,sell,new,,SLV,stock,,0.0,,,limit,1,,0.0
2025-02-13 09:30:00-05:00,sell,new,,DFEN,stock,,0.0,,,limit,1,,0.0
2025-02-13 09:30:00-05:00,sell,fill,23.118899999999996,SLV,stock,,0.0,,29.190000534057617,limit,1,0.0,0.0
2025-02-13 09:30:00-05:00,sell,fill,22.2126,DFEN,stock,,0.0,,33.81999969482422,limit,1,0.0,0.0
2025-02-14 09:30:00-05:00,buy,new,,GLD,stock,,0.0,,,limit,1,,0.0
2025-02-14 09:30:00-05:00,buy,new,,SLV,stock,,0.0,,,limit,1,,0.0
2025-02-14 09:30:00-05:00,sell,new,,SMH,stock,,0.0,,,limit,1,,0.0
2025-02-14 09:30:00-05:00,buy,fill,2.8327,GLD,stock,,0.0,,269.74,limit,1,0.0,0.0
2025-02-14 09:30:00-05:00,buy,fill,34.1703,SLV,stock,,0.0,,29.34,limit,1,0.0,0.0
2025-02-14 09:30:00-05:00,sell,fill,2.2804,SMH,stock,,0.0,,252.0,limit,1,0.0,0.0
2025-02-18 09:30:00-05:00,sell,new,,GLD,stock,,0.0,,,limit,1,,0.0
2025-02-18 09:30:00-05:00,sell,new,,SLV,stock,,0.0,,,limit,1,,0.0
2025-02-18 09:30:00-05:00,buy,new,,SMH,stock,,0.0,,,limit,1,,0.0
2025-02-18 09:30:00-05:00,buy,new,,DFEN,stock,,0.0,,,limit,1,,0.0
2025-02-18 09:30:00-05:00,sell,fill,2.08,GLD,stock,,0.0,,269.67999267578125,limit,1,0.0,0.0
2025-02-18 09:30:00-05:00,buy,fill,25.2752,DFEN,stock,,0.0,,32.58399963378906,limit,1,0.0,0.0
2025-02-19 09:30:00-05:00,buy,new,,BTC-USD,stock,,0.0,,,limit,1,,0.0
2025-02-19 09:30:00-05:00,sell,new,,SLV,stock,,0.0,,,limit,1,,0.0
2025-02-19 09:30:00-05:00,buy,fill,0.007325459999999999,BTC-USD,stock,,0.0,,95532.53125,limit,1,0.0,0.0
2025-02-19 09:30:00-05:00,sell,fill,26.546299999999995,SLV,stock,,0.0,,29.75,limit,1,0.0,0.0
2025-02-20 08:30:00-05:00,sell,fill,23.536699999999996,SLV,stock,,0.0,,30.09,limit,1,0.0,0.0
2025-02-20 09:30:00-05:00,sell,new,,BTC-USD,stock,,0.0,,,limit,1,,0.0
2025-02-20 09:30:00-05:00,buy,new,,SLV,stock,,0.0,,,limit,1,,0.0
2025-02-20 09:30:00-05:00,sell,fill,0.006121979999999999,BTC-USD,stock,,0.0,,96632.6796875,limit,1,0.0,0.0
2025-02-20 09:30:00-05:00,buy,fill,27.816399999999994,SLV,stock,,0.0,,29.9,limit,1,0.0,0.0
2025-02-21 08:30:00-05:00,buy,fill,2.5288000000000004,SMH,stock,,0.0,,253.26,limit,1,0.0,0.0
2025-02-21 09:30:00-05:00,sell,new,,SLV,stock,,0.0,,,limit,1,,0.0
2025-02-21 09:30:00-05:00,buy,new,,ZAP,stock,,0.0,,,limit,1,,0.0
2025-02-21 09:30:00-05:00,sell,fill,36.551100000000005,SLV,stock,,0.0,,30.020000457763672,limit,1,0.0,0.0
2025-02-21 09:30:00-05:00,buy,fill,44.582600000000006,ZAP,stock,,0.0,,25.322999954223633,limit,1,0.0,0.0
2025-02-26 09:30:00-05:00,sell,new,,BTC-USD,stock,,0.0,,,limit,1,,0.0
2025-02-26 09:30:00-05:00,buy,new,,SLV,stock,,0.0,,,limit,1,,0.0
2025-02-26 09:30:00-05:00,sell,new,,SMH,stock,,0.0,,,limit,1,,0.0
2025-02-26 09:30:00-05:00,sell,new,,ZAP,stock,,0.0,,,limit,1,,0.0
2025-02-26 09:30:00-05:00,buy,new,,DFEN,stock,,0.0,,,limit,1,,0.0
2025-02-26 09:30:00-05:00,buy,fill,38.4596,SLV,stock,,0.0,,28.780000686645508,limit,1,0.0,0.0
2025-02-26 09:30:00-05:00,sell,fill,2.5488,SMH,stock,,0.0,,241.60000610351562,limit,1,0.0,0.0
2025-02-26 09:30:00-05:00,sell,fill,25.107400000000005,ZAP,stock,,0.0,,25.31999969482422,limit,1,0.0,0.0
2025-02-27 08:30:00-05:00,buy,fill,1.7384,SPY,stock,,0.0,,587.28,limit,1,0.0,0.0
2025-02-27 09:30:00-05:00,sell,new,,SPY,stock,,0.0,,,limit,1,,0.0
2025-02-27 09:30:00-05:00,buy,new,,ZAP,stock,,0.0,,,limit,1,,0.0
2025-02-27 09:30:00-05:00,sell,fill,1.8943,SPY,stock,,0.0,,596.8499755859375,limit,1,0.0,0.0
2025-02-27 09:30:00-05:00,buy,fill,22.4985,ZAP,stock,,0.0,,25.139999389648438,limit,1,0.0,0.0
2025-03-03 08:30:00-05:00,sell,fill,0.00703816,BTC-USD,stock,,0.0,,94248.421875,limit,1,0.0,0.0
2025-03-03 09:30:00-05:00,sell,new,,SLV,stock,,0.0,,,limit,1,,0.0
2025-03-03 09:30:00-05:00,buy,new,,SMH,stock,,0.0,,,limit,1,,0.0
2025-03-03 09:30:00-05:00,sell,fill,20.2994,SLV,stock,,0.0,,28.860000610351562,limit,1,0.0,0.0
2025-03-03 09:30:00-05:00,buy,fill,2.6286999999999994,SMH,stock,,0.0,,229.51,limit,1,0.0,0.0
2025-03-04 08:30:00-05:00,buy,fill,32.2009,DFEN,stock,,0.0,,29.4,limit,1,0.0,0.0
2025-03-04 09:30:00-05:00,sell,new,,DFEN,stock,,0.0,,,limit,1,,0.0
2025-03-05 09:30:00-05:00,sell,new,,SMH,stock,,0.0,,,limit,1,,0.0
2025-03-05 09:30:00-05:00,sell,new,,ZAP,stock,,0.0,,,limit,1,,0.0
2025-03-05 09:30:00-05:00,sell,new,,DFEN,stock,,0.0,,,limit,1,,0.0
2025-03-05 09:30:00-05:00,sell,fill,3.3575999999999997,SMH,stock,,0.0,,227.82000732421875,limit,1,0.0,0.0
2025-03-05 09:30:00-05:00,sell,fill,39.1903,DFEN,stock,,0.0,,30.05,limit,1,0.0,0.0
2025-03-06 09:30:00-05:00,buy,new,,BTC-USD,stock,,0.0,,,limit,1,,0.0
2025-03-06 09:30:00-05:00,buy,new,,SLV,stock,,0.0,,,limit,1,,0.0
2025-03-06 09:30:00-05:00,sell,new,,ZAP,stock,,0.0,,,limit,1,,0.0
2025-03-07 08:30:00-05:00,buy,fill,0.0072346500000000005,BTC-USD,stock,,0.0,,87659.07,limit,1,0.0,0.0
2025-03-07 08:30:00-05:00,buy,fill,21.507400000000004,SLV,stock,,0.0,,29.38,limit,1,0.0,0.0
2025-03-07 09:30:00-05:00,sell,new,,ZAP,stock,,0.0,,,limit,1,,0.0
2025-03-07 09:30:00-05:00,sell,fill,57.9572,ZAP,stock,,0.0,,24.02,limit,1,0.0,0.0
2025-03-10 09:30:00-04:00,sell,new,,SLV,stock,,0.0,,,limit,1,,0.0
2025-03-10 09:30:00-04:00,buy,new,,ZAP,stock,,0.0,,,limit,1,,0.0
2025-03-10 09:30:00-04:00,sell,fill,29.874500000000005,SLV,stock,,0.0,,29.559999465942383,limit,1,0.0,0.0
2025-03-10 09:30:00-04:00,buy,fill,29.948,ZAP,stock,,0.0,,23.940000534057617,limit,1,0.0,0.0
2025-03-12 08:30:00-04:00,sell,fill,36.0862,ZAP,stock,,0.0,,24.25,limit,1,0.0,0.0
2025-03-12 09:30:00-04:00,buy,new,,BTC-USD,stock,,0.0,,,limit,1,,0.0
2025-03-12 09:30:00-04:00,buy,new,,ZAP,stock,,0.0,,,limit,1,,0.0
2025-03-12 09:30:00-04:00,buy,fill,25.070999999999998,ZAP,stock,,0.0,,24.190000534057617,limit,1,0.0,0.0
2025-03-14 08:30:00-04:00,sell,fill,29.910400000000003,ZAP,stock,,0.0,,24.62,limit,1,0.0,0.0
2025-03-14 09:30:00-04:00,buy,new,,ZAP,stock,,0.0,,,limit,1,,0.0
2025-03-14 09:30:00-04:00,buy,fill,35.6398,ZAP,stock,,0.0,,24.200000762939453,limit,1,0.0,0.0
2025-03-17 09:30:00-04:00,sell,new,,BTC-USD,stock,,0.0,,,limit,1,,0.0
2025-03-17 09:30:00-04:00,sell,fill,0.00687228,BTC-USD,stock,,0.0,,83911.65,limit,1,0.0,0.0
2025-03-19 08:30:00-04:00,sell,fill,23.676000000000002,DFEN,stock,,0.0,,32.74,limit,1,0.0,0.0
2025-03-19 09:30:00-04:00,buy,new,,DFEN,stock,,0.0,,,limit,1,,0.0
2025-03-21 09:30:00-04:00,sell,new,,GLD,stock,,0.0,,,limit,1,,0.0
2025-03-21 09:30:00-04:00,sell,fill,2.0671,GLD,stock,,0.0,,279.4599914550781,limit,1,0.0,0.0
2025-03-24 09:30:00-04:00,buy,new,,BTC-USD,stock,,0.0,,,limit,1,,0.0
2025-03-25 09:30:00-04:00,buy,new,,BTC-USD,stock,,0.0,,,limit,1,,0.0
2025-03-25 09:30:00-04:00,sell,new,,ZAP,stock,,0.0,,,limit,1,,0.0
2025-03-25 09:30:00-04:00,buy,fill,0.00907879,BTC-USD,stock,,0.0,,86501.28,limit,1,0.0,0.0
2025-03-26 09:30:00-04:00,sell,new,,BTC-USD,stock,,0.0,,,limit,1,,0.0
2025-03-26 09:30:00-04:00,sell,fill,0.00759779,BTC-USD,stock,,0.0,,87460.234375,limit,1,0.0,0.0
2025-03-28 08:30:00-04:00,buy,fill,17.674400000000006,DFEN,stock,,0.0,,30.97,limit,1,0.0,0.0
2025-03-28 08:30:00-04:00,buy,fill,0.0076072399999999995,BTC-USD,stock,,0.0,,84251.06,limit,1,0.0,0.0
2025-03-28 09:30:00-04:00,sell,new,,ZAP,stock,,0.0,,,limit,1,,0.0
2025-03-28 09:30:00-04:00,sell,new,,DFEN,stock,,0.0,,,limit,1,,0.0
2025-03-28 09:30:00-04:00,sell,fill,24.883399999999998,ZAP,stock,,0.0,,24.399999618530273,limit,1,0.0,0.0
2025-03-31 09:30:00-04:00,sell,new,,BTC-USD,stock,,0.0,,,limit,1,,0.0
2025-03-31 09:30:00-04:00,sell,new,,DFEN,stock,,0.0,,,limit,1,,0.0
2025-03-31 09:30:00-04:00,sell,fill,0.008327729999999998,BTC-USD,stock,,0.0,,82336.0625,limit,1,0.0,0.0
2025-04-01 09:30:00-04:00,sell,new,,DFEN,stock,,0.0,,,limit,1,,0.0
2025-04-01 09:30:00-04:00,sell,fill,26.942200000000003,DFEN,stock,,0.0,,30.34000015258789,limit,1,0.0,0.0
2025-04-02 08:30:00-04:00,sell,fill,23.671499999999998,ZAP,stock,,0.0,,24.83,limit,1,0.0,0.0
2025-04-02 09:30:00-04:00,buy,new,,ZAP,stock,,0.0,,,limit,1,,0.0
2025-04-02 09:30:00-04:00,buy,fill,43.6258,ZAP,stock,,0.0,,24.600000381469727,limit,1,0.0,0.0
2025-04-03 09:30:00-04:00,buy,new,,DFEN,stock,,0.0,,,limit,1,,0.0
2025-04-03 09:30:00-04:00,buy,fill,22.223899999999997,DFEN,stock,,0.0,,28.770000457763672,limit,1,0.0,0.0
2025-04-04 08:30:00-04:00,buy,fill,56.6861,SLV,stock,,0.0,,26.85,limit,1,0.0,0.0
2025-04-04 09:30:00-04:00,sell,new,,SPY,stock,,0.0,,,limit,1,,0.0
2025-04-04 09:30:00-04:00,sell,new,,SLV,stock,,0.0,,,limit,1,,0.0
2025-04-04 09:30:00-04:00,sell,new,,DFEN,stock,,0.0,,,limit,1,,0.0
2025-04-07 08:30:00-04:00,buy,fill,0.00828226,BTC-USD,stock,,0.0,,78221.3359375,limit,1,0.0,0.0
2025-04-07 09:30:00-04:00,sell,new,,BTC-USD,stock,,0.0,,,limit,1,,0.0
2025-04-07 09:30:00-04:00,sell,new,,SPY,stock,,0.0,,,limit,1,,0.0
2025-04-07 09:30:00-04:00,sell,new,,SLV,stock,,0.0,,,limit,1,,0.0
2025-04-07 09:30:00-04:00,sell,new,,ZAP,stock,,0.0,,,limit,1,,0.0
2025-04-07 09:30:00-04:00,sell,fill,1.1338,SPY,stock,,0.0,,521.05,limit,1,0.0,0.0
2025-04-07 09:30:00-04:00,sell,fill,68.247,SLV,stock,,0.0,,27.82,limit,1,0.0,0.0
2025-04-08 09:30:00-04:00,sell,new,,BTC-USD,stock,,0.0,,,limit,1,,0.0
2025-04-08 09:30:00-04:00,sell,new,,ZAP,stock,,0.0,,,limit,1,,0.0
2025-04-08 09:30:00-04:00,sell,fill,0.008436840000000001,BTC-USD,stock,,0.0,,79218.4765625,limit,1,0.0,0.0
2025-04-08 09:30:00-04:00,sell,fill,27.4741,ZAP,stock,,0.0,,23.389999389648438,limit,1,0.0,0.0
2025-04-09 08:30:00-04:00,sell,fill,1.029,SPY,stock,,0.0,,542.38,limit,1,0.0,0.0
2025-04-09 08:30:00-04:00,sell,fill,0.011680240000000001,BTC-USD,stock,,0.0,,83086.99,limit,1,0.0,0.0
2025-04-09 09:30:00-04:00,buy,new,,BTC-USD,stock,,0.0,,,limit,1,,0.0
2025-04-09 09:30:00-04:00,buy,new,,SPY,stock,,0.0,,,limit,1,,0.0
2025-04-09 09:30:00-04:00,sell,new,,GLD,stock,,0.0,,,limit,1,,0.0
2025-04-09 09:30:00-04:00,buy,fill,0.008665120000000002,BTC-USD,stock,,0.0,,76273.5625,limit,1,0.0,0.0
2025-04-09 09:30:00-04:00,buy,fill,1.3333,SPY,stock,,0.0,,493.44000244140625,limit,1,0.0,0.0
2025-04-09 09:30:00-04:00,sell,fill,1.9168999999999998,GLD,stock,,0.0,,282.2200012207031,limit,1,0.0,0.0
2025-04-11 08:30:00-04:00,sell,fill,66.2929,SLV,stock,,0.0,,28.81,limit,1,0.0,0.0
2025-04-11 09:30:00-04:00,buy,new,,SLV,stock,,0.0,,,limit,1,,0.0
2025-04-14 08:30:00-04:00,sell,fill,27.584400000000002,ZAP,stock,,0.0,,24.22599983215332,limit,1,0.0,0.0
2025-04-14 09:30:00-04:00,buy,new,,SLV,stock,,0.0,,,limit,1,,0.0
2025-04-14 09:30:00-04:00,buy,new,,ZAP,stock,,0.0,,,limit,1,,0.0
2025-04-14 09:30:00-04:00,sell,new,,DFEN,stock,,0.0,,,limit,1,,0.0
2025-04-14 09:30:00-04:00,buy,fill,70.6332,SLV,stock,,0.0,,28.93,limit,1,0.0,0.0
2025-04-14 09:30:00-04:00,sell,fill,22.924099999999996,DFEN,stock,,0.0,,27.729999542236328,limit,1,0.0,0.0
2025-04-15 09:30:00-04:00,buy,new,,ZAP,stock,,0.0,,,limit,1,,0.0
2025-04-15 09:30:00-04:00,buy,fill,33.1733,ZAP,stock,,0.0,,24.35,limit,1,0.0,0.0
2025-04-21 08:30:00-04:00,buy,fill,34.745000000000005,ZAP,stock,,0.0,,23.51,limit,1,0.0,0.0
2025-04-21 09:30:00-04:00,sell,new,,ZAP,stock,,0.0,,,limit,1,,0.0
2025-04-21 09:30:00-04:00,sell,fill,28.519,ZAP,stock,,0.0,,24.139999389648438,limit,1,0.0,0.0
2025-04-25 08:30:00-04:00,sell,fill,20.938299999999998,DFEN,stock,,0.0,,28.719999313354492,limit,1,0.0,0.0
2025-04-25 09:30:00-04:00,buy,new,,DFEN,stock,,0.0,,,limit,1,,0.0
2025-04-28 09:30:00-04:00,buy,new,,DFEN,stock,,0.0,,,limit,1,,0.0
2025-04-29 09:30:00-04:00,buy,new,,DFEN,stock,,0.0,,,limit,1,,0.0
2025-04-29 09:30:00-04:00,buy,fill,28.0205,DFEN,stock,,0.0,,29.940000534057617,limit,1,0.0,0.0
2025-04-30 08:30:00-04:00,buy,fill,29.148399999999995,DFEN,stock,,0.0,,28.86,limit,1,0.0,0.0
2025-04-30 09:30:00-04:00,sell,new,,DFEN,stock,,0.0,,,limit,1,,0.0
2025-04-30 09:30:00-04:00,sell,fill,28.943399999999997,DFEN,stock,,0.0,,29.79,limit,1,0.0,0.0
2025-05-02 08:30:00-04:00,sell,fill,28.354600000000005,DFEN,stock,,0.0,,33.03,limit,1,0.0,0.0
2025-05-02 08:30:00-04:00,sell,fill,28.018100000000004,DFEN,stock,,0.0,,33.0,limit,1,0.0,0.0
2025-05-02 09:30:00-04:00,buy,new,,DFEN,stock,,0.0,,,limit,1,,0.0
2025-05-05 09:30:00-04:00,buy,new,,DFEN,stock,,0.0,,,limit,1,,0.0
2025-05-05 09:30:00-04:00,buy,fill,53.64490000000001,DFEN,stock,,0.0,,32.880001068115234,limit,1,0.0,0.0
2025-05-14 09:30:00-04:00,buy,new,,BTC-USD,stock,,0.0,,,limit,1,,0.0
2025-05-14 09:30:00-04:00,buy,fill,0.006265420000000001,BTC-USD,stock,,0.0,,103326.55,limit,1,0.0,0.0
2025-05-15 09:30:00-04:00,sell,new,,BTC-USD,stock,,0.0,,,limit,1,,0.0
2025-05-15 09:30:00-04:00,buy,new,,GLD,stock,,0.0,,,limit,1,,0.0
2025-05-15 09:30:00-04:00,sell,fill,0.006112190000000001,BTC-USD,stock,,0.0,,103646.49,limit,1,0.0,0.0
2025-05-15 09:30:00-04:00,buy,fill,2.1891,GLD,stock,,0.0,,294.1000061035156,limit,1,0.0,0.0
2025-05-16 09:30:00-04:00,buy,new,,BTC-USD,stock,,0.0,,,limit,1,,0.0
2025-05-16 09:30:00-04:00,buy,fill,0.00621809,BTC-USD,stock,,0.0,,103735.65625,limit,1,0.0,0.0
2025-05-19 09:30:00-04:00,buy,new,,SLV,stock,,0.0,,,limit,1,,0.0
2025-05-19 09:30:00-04:00,buy,new,,ZAP,stock,,0.0,,,limit,1,,0.0
2025-05-19 09:30:00-04:00,buy,fill,20.532899999999998,SLV,stock,,0.0,,29.35,limit,1,0.0,0.0
2025-05-19 09:30:00-04:00,buy,fill,23.2068,ZAP,stock,,0.0,,25.81999969482422,limit,1,0.0,0.0
2025-05-21 09:30:00-04:00,buy,new,,SPY,stock,,0.0,,,limit,1,,0.0
2025-05-21 09:30:00-04:00,buy,new,,GLD,stock,,0.0,,,limit,1,,0.0
2025-05-21 09:30:00-04:00,buy,new,,DFEN,stock,,0.0,,,limit,1,,0.0
2025-05-21 09:30:00-04:00,buy,fill,0.9431,SPY,stock,,0.0,,588.4400024414062,limit,1,0.0,0.0
2025-05-21 09:30:00-04:00,buy,fill,15.506700000000002,DFEN,stock,,0.0,,40.67,limit,1,0.0,0.0
2025-05-22 09:30:00-04:00,buy,new,,GLD,stock,,0.0,,,limit,1,,0.0
2025-05-22 09:30:00-04:00,buy,fill,1.9030999999999998,GLD,stock,,0.0,,305.0899963378906,limit,1,0.0,0.0
2025-05-23 09:30:00-04:00,buy,new,,BTC-USD,stock,,0.0,,,limit,1,,0.0
2025-05-23 09:30:00-04:00,buy,fill,0.00500283,BTC-USD,stock,,0.0,,110221.86,limit,1,0.0,0.0
2025-05-27 09:30:00-04:00,sell,new,,BTC-USD,stock,,0.0,,,limit,1,,0.0
2025-05-27 09:30:00-04:00,sell,fill,0.006074079999999999,BTC-USD,stock,,0.0,,109440.40625,limit,1,0.0,0.0
2025-05-29 09:30:00-04:00,sell,new,,GLD,stock,,0.0,,,limit,1,,0.0
2025-05-29 09:30:00-04:00,buy,new,,SMH,stock,,0.0,,,limit,1,,0.0
2025-05-29 09:30:00-04:00,sell,fill,2.9606,GLD,stock,,0.0,,305.739990234375,limit,1,0.0,0.0
2025-05-29 09:30:00-04:00,buy,fill,2.8791000000000007,SMH,stock,,0.0,,246.52,limit,1,0.0,0.0
2025-05-30 09:30:00-04:00,buy,new,,BTC-USD,stock,,0.0,,,limit,1,,0.0
2025-05-30 09:30:00-04:00,buy,new,,GLD,stock,,0.0,,,limit,1,,0.0
2025-05-30 09:30:00-04:00,sell,new,,SMH,stock,,0.0,,,limit,1,,0.0
2025-05-30 09:30:00-04:00,buy,fill,0.0054893799999999986,BTC-USD,stock,,0.0,,105646.2109375,limit,1,0.0,0.0
2025-05-30 09:30:00-04:00,buy,fill,2.1590000000000003,GLD,stock,,0.0,,303.6400146484375,limit,1,0.0,0.0
2025-06-02 09:30:00-04:00,sell,new,,GLD,stock,,0.0,,,limit,1,,0.0
2025-06-02 09:30:00-04:00,sell,new,,SLV,stock,,0.0,,,limit,1,,0.0
2025-06-02 09:30:00-04:00,sell,fill,2.0902000000000003,GLD,stock,,0.0,,309.2099914550781,limit,1,0.0,0.0
2025-06-02 09:30:00-04:00,sell,fill,19.7482,SLV,stock,,0.0,,30.850000381469727,limit,1,0.0,0.0
2025-06-03 08:30:00-04:00,sell,fill,3.2534,SMH,stock,,0.0,,247.76,limit,1,0.0,0.0
2025-06-04 09:30:00-04:00,sell,new,,BTC-USD,stock,,0.0,,,limit,1,,0.0
2025-06-04 09:30:00-04:00,buy,new,,SLV,stock,,0.0,,,limit,1,,0.0
2025-06-04 09:30:00-04:00,buy,new,,SMH,stock,,0.0,,,limit,1,,0.0
2025-06-04 09:30:00-04:00,sell,fill,0.008549169999999998,BTC-USD,stock,,0.0,,105434.3671875,limit,1,0.0,0.0
2025-06-04 09:30:00-04:00,buy,fill,19.858300000000003,SLV,stock,,0.0,,31.31999969482422,limit,1,0.0,0.0
2025-06-05 09:30:00-04:00,buy,new,,SMH,stock,,0.0,,,limit,1,,0.0
2025-06-05 09:30:00-04:00,buy,fill,2.8716,SMH,stock,,0.0,,251.82,limit,1,0.0,0.0
2025-06-06 09:30:00-04:00,buy,new,,GLD,stock,,0.0,,,limit,1,,0.0
2025-06-06 09:30:00-04:00,buy,fill,2.7022000000000004,GLD,stock,,0.0,,309.0899963378906,limit,1,0.0,0.0
2025-06-09 09:30:00-04:00,buy,new,,BTC-USD,stock,,0.0,,,limit,1,,0.0
2025-06-09 09:30:00-04:00,sell,new,,GLD,stock,,0.0,,,limit,1,,0.0
2025-06-09 09:30:00-04:00,buy,fill,0.005652809999999999,BTC-USD,stock,,0.0,,105793.0234375,limit,1,0.0,0.0
2025-06-09 09:30:00-04:00,sell,fill,2.4679,GLD,stock,,0.0,,307.54,limit,1,0.0,0.0
2025-06-11 09:30:00-04:00,buy,new,,GLD,stock,,0.0,,,limit,1,,0.0
2025-06-11 09:30:00-04:00,sell,new,,ZAP,stock,,0.0,,,limit,1,,0.0
2025-06-11 09:30:00-04:00,buy,fill,2.8335999999999997,GLD,stock,,0.0,,307.5,limit,1,0.0,0.0
2025-06-11 09:30:00-04:00,sell,fill,22.571700000000003,ZAP,stock,,0.0,,26.0310001373291,limit,1,0.0,0.0
2025-06-12 09:30:00-04:00,buy,new,,SPY,stock,,0.0,,,limit,1,,0.0
2025-06-12 09:30:00-04:00,sell,new,,SLV,stock,,0.0,,,limit,1,,0.0
2025-06-12 09:30:00-04:00,buy,fill,1.1502000000000001,SPY,stock,,0.0,,600.010009765625,limit,1,0.0,0.0
2025-06-12 09:30:00-04:00,sell,fill,17.4953,SLV,stock,,0.0,,32.849998474121094,limit,1,0.0,0.0
2025-06-13 09:30:00-04:00,buy,new,,SLV,stock,,0.0,,,limit,1,,0.0
2025-06-13 09:30:00-04:00,buy,fill,25.0557,SLV,stock,,0.0,,33.01,limit,1,0.0,0.0
2025-06-16 09:30:00-04:00,buy,new,,BTC-USD,stock,,0.0,,,limit,1,,0.0
2025-06-16 09:30:00-04:00,buy,fill,0.007563410000000001,BTC-USD,stock,,0.0,,105555.59375,limit,1,0.0,0.0
2025-06-18 09:30:00-04:00,sell,new,,BTC-USD,stock,,0.0,,,limit,1,,0.0
2025-06-18 09:30:00-04:00,buy,new,,ZAP,stock,,0.0,,,limit,1,,0.0
2025-06-18 09:30:00-04:00,buy,fill,40.53009999999999,ZAP,stock,,0.0,,26.010000228881836,limit,1,0.0,0.0
2025-06-20 08:30:00-04:00,sell,fill,0.010109240000000002,BTC-USD,stock,,0.0,,106260.15,limit,1,0.0,0.0
2025-06-20 09:30:00-04:00,sell,new,,SLV,stock,,0.0,,,limit,1,,0.0
2025-06-23 09:30:00-04:00,sell,new,,GLD,stock,,0.0,,,limit,1,,0.0
2025-06-23 09:30:00-04:00,sell,new,,SMH,stock,,0.0,,,limit,1,,0.0
2025-06-23 09:30:00-04:00,buy,new,,DFEN,stock,,0.0,,,limit,1,,0.0
2025-06-23 09:30:00-04:00,sell,fill,2.0145,GLD,stock,,0.0,,310.3399963378906,limit,1,0.0,0.0
2025-06-24 08:30:00-04:00,sell,fill,6.2287,SMH,stock,,0.0,,266.06,limit,1,0.0,0.0
2025-06-24 08:30:00-04:00,sell,fill,2.3796,SMH,stock,,0.0,,265.92999267578125,limit,1,0.0,0.0
2025-06-24 09:30:00-04:00,buy,new,,BTC-USD,stock,,0.0,,,limit,1,,0.0
2025-06-24 09:30:00-04:00,buy,new,,SMH,stock,,0.0,,,limit,1,,0.0
2025-06-25 09:30:00-04:00,buy,new,,GLD,stock,,0.0,,,limit,1,,0.0
2025-06-25 09:30:00-04:00,buy,fill,1.9084000000000003,GLD,stock,,0.0,,305.30999755859375,limit,1,0.0,0.0
2025-06-26 09:30:00-04:00,buy,new,,BTC-USD,stock,,0.0,,,limit,1,,0.0
2025-06-26 09:30:00-04:00,sell,new,,GLD,stock,,0.0,,,limit,1,,0.0
2025-06-26 09:30:00-04:00,sell,new,,DFEN,stock,,0.0,,,limit,1,,0.0
2025-06-26 09:30:00-04:00,sell,fill,2.9525,GLD,stock,,0.0,,305.7699890136719,limit,1,0.0,0.0
2025-06-26 09:30:00-04:00,sell,fill,19.9414,DFEN,stock,,0.0,,47.369998931884766,limit,1,0.0,0.0
2025-06-27 08:30:00-04:00,buy,fill,0.00758905,BTC-USD,stock,,0.0,,106577.64,limit,1,0.0,0.0
2025-06-27 09:30:00-04:00,sell,new,,BTC-USD,stock,,0.0,,,limit,1,,0.0
2025-06-27 09:30:00-04:00,buy,new,,GLD,stock,,0.0,,,limit,1,,0.0
2025-06-27 09:30:00-04:00,buy,new,,SMH,stock,,0.0,,,limit,1,,0.0
2025-06-27 09:30:00-04:00,sell,fill,0.00843024,BTC-USD,stock,,0.0,,106954.921875,limit,1,0.0,0.0
2025-06-27 09:30:00-04:00,buy,fill,3.8249,GLD,stock,,0.0,,300.0299987792969,limit,1,0.0,0.0
2025-06-27 09:30:00-04:00,buy,fill,8.3932,SMH,stock,,0.0,,278.17999267578125,limit,1,0.0,0.0
2025-06-30 09:30:00-04:00,buy,new,,BTC-USD,stock,,0.0,,,limit,1,,0.0
2025-06-30 09:30:00-04:00,sell,new,,GLD,stock,,0.0,,,limit,1,,0.0
2025-06-30 09:30:00-04:00,buy,fill,0.008850970000000001,BTC-USD,stock,,0.0,,107864.46,limit,1,0.0,0.0
2025-06-30 09:30:00-04:00,sell,fill,2.6471999999999998,GLD,stock,,0.0,,302.3900146484375,limit,1,0.0,0.0
2025-07-01 09:30:00-04:00,sell,new,,BTC-USD,stock,,0.0,,,limit,1,,0.0
2025-07-01 09:30:00-04:00,buy,new,,DFEN,stock,,0.0,,,limit,1,,0.0
2025-07-01 09:30:00-04:00,buy,fill,19.5015,DFEN,stock,,0.0,,51.349998474121094,limit,1,0.0,0.0
2025-07-02 08:30:00-04:00,sell,fill,0.008272070000000001,BTC-USD,stock,,0.0,,107841.52,limit,1,0.0,0.0
2025-07-03 09:30:00-04:00,buy,new,,BTC-USD,stock,,0.0,,,limit,1,,0.0
2025-07-07 09:30:00-04:00,buy,new,,BTC-USD,stock,,0.0,,,limit,1,,0.0
2025-07-07 09:30:00-04:00,buy,fill,0.006373120000000001,BTC-USD,stock,,0.0,,108772.34,limit,1,0.0,0.0
2025-07-09 09:30:00-04:00,sell,new,,SMH,stock,,0.0,,,limit,1,,0.0
2025-07-09 09:30:00-04:00,sell,fill,3.4318000000000004,SMH,stock,,0.0,,284.7300109863281,limit,1,0.0,0.0
2025-07-10 08:30:00-04:00,sell,fill,30.431500000000003,SLV,stock,,0.0,,33.57,limit,1,0.0,0.0
2025-07-10 09:30:00-04:00,buy,new,,GLD,stock,,0.0,,,limit,1,,0.0
2025-07-10 09:30:00-04:00,buy,new,,SLV,stock,,0.0,,,limit,1,,0.0
2025-07-10 09:30:00-04:00,sell,new,,DFEN,stock,,0.0,,,limit,1,,0.0
2025-07-10 09:30:00-04:00,buy,fill,2.8133999999999997,GLD,stock,,0.0,,305.1,limit,1,0.0,0.0
2025-07-10 09:30:00-04:00,buy,fill,33.019099999999995,SLV,stock,,0.0,,33.26,limit,1,0.0,0.0
2025-07-10 09:30:00-04:00,sell,fill,11.4465,DFEN,stock,,0.0,,52.2400016784668,limit,1,0.0,0.0
2025-07-11 09:30:00-04:00,sell,new,,SLV,stock,,0.0,,,limit,1,,0.0
2025-07-11 09:30:00-04:00,buy,new,,SMH,stock,,0.0,,,limit,1,,0.0
2025-07-11 09:30:00-04:00,sell,fill,21.32269999999999,SLV,stock,,0.0,,34.20000076293945,limit,1,0.0,0.0
2025-07-11 09:30:00-04:00,buy,fill,2.6488,SMH,stock,,0.0,,286.4700012207031,limit,1,0.0,0.0
2025-07-14 09:30:00-04:00,sell,new,,SMH,stock,,0.0,,,limit,1,,0.0
2025-07-14 09:30:00-04:00,buy,new,,DFEN,stock,,0.0,,,limit,1,,0.0
2025-07-14 09:30:00-04:00,sell,fill,2.9752,SMH,stock,,0.0,,286.29998779296875,limit,1,0.0,0.0
2025-07-15 09:30:00-04:00,buy,new,,SLV,stock,,0.0,,,limit,1,,0.0
2025-07-15 09:30:00-04:00,buy,fill,30.564999999999994,SLV,stock,,0.0,,34.689998626708984,limit,1,0.0,0.0
2025-07-16 09:30:00-04:00,sell,new,,GLD,stock,,0.0,,,limit,1,,0.0
2025-07-16 09:30:00-04:00,buy,new,,ZAP,stock,,0.0,,,limit,1,,0.0
2025-07-16 09:30:00-04:00,sell,fill,2.8244,GLD,stock,,0.0,,307.1099853515625,limit,1,0.0,0.0
2025-07-16 09:30:00-04:00,buy,fill,24.462100000000007,ZAP,stock,,0.0,,26.8700008392334,limit,1,0.0,0.0
2025-07-17 09:30:00-04:00,sell,new,,SLV,stock,,0.0,,,limit,1,,0.0
2025-07-17 09:30:00-04:00,sell,new,,ZAP,stock,,0.0,,,limit,1,,0.0
2025-07-17 09:30:00-04:00,sell,fill,18.665299999999995,SLV,stock,,0.0,,34.29999923706055,limit,1,0.0,0.0
2025-07-17 09:30:00-04:00,sell,fill,40.1326,ZAP,stock,,0.0,,26.81999969482422,limit,1,0.0,0.0
2025-07-18 09:30:00-04:00,buy,new,,ZAP,stock,,0.0,,,limit,1,,0.0
2025-07-18 09:30:00-04:00,buy,new,,DFEN,stock,,0.0,,,limit,1,,0.0
2025-07-18 09:30:00-04:00,buy,fill,13.183,DFEN,stock,,0.0,,57.92,limit,1,0.0,0.0
2025-07-21 09:30:00-04:00,buy,new,,GLD,stock,,0.0,,,limit,1,,0.0
2025-07-22 09:30:00-04:00,buy,new,,GLD,stock,,0.0,,,limit,1,,0.0
2025-07-23 08:30:00-04:00,buy,fill,2.8017000000000003,GLD,stock,,0.0,,313.44,limit,1,0.0,0.0
2025-07-24 08:30:00-04:00,buy,fill,3.7904,GLD,stock,,0.0,,309.2900085449219,limit,1,0.0,0.0
2025-07-24 09:30:00-04:00,sell,new,,BTC-USD,stock,,0.0,,,limit,1,,0.0
2025-07-24 09:30:00-04:00,sell,new,,GLD,stock,,0.0,,,limit,1,,0.0
2025-07-24 09:30:00-04:00,buy,new,,SMH,stock,,0.0,,,limit,1,,0.0
2025-07-24 09:30:00-04:00,sell,new,,DFEN,stock,,0.0,,,limit,1,,0.0
2025-07-24 09:30:00-04:00,sell,fill,0.00609172,BTC-USD,stock,,0.0,,119397.46,limit,1,0.0,0.0
2025-07-24 09:30:00-04:00,buy,fill,3.4069000000000003,SMH,stock,,0.0,,286.73,limit,1,0.0,0.0
2025-07-24 09:30:00-04:00,sell,fill,15.273799999999998,DFEN,stock,,0.0,,58.40999984741211,limit,1,0.0,0.0
2025-07-25 09:30:00-04:00,sell,new,,GLD,stock,,0.0,,,limit,1,,0.0
2025-07-25 09:30:00-04:00,buy,new,,ZAP,stock,,0.0,,,limit,1,,0.0
2025-07-25 09:30:00-04:00,buy,new,,DFEN,stock,,0.0,,,limit,1,,0.0
2025-07-25 09:30:00-04:00,sell,fill,7.0337,GLD,stock,,0.0,,307.82000732421875,limit,1,0.0,0.0
2025-07-25 09:30:00-04:00,buy,fill,25.3968,ZAP,stock,,0.0,,27.979999542236328,limit,1,0.0,0.0
2025-07-25 09:30:00-04:00,buy,fill,10.627500000000001,DFEN,stock,,0.0,,58.52000045776367,limit,1,0.0,0.0
2025-07-28 09:30:00-04:00,buy,new,,BTC-USD,stock,,0.0,,,limit,1,,0.0
2025-07-28 09:30:00-04:00,buy,fill,0.00753406,BTC-USD,stock,,0.0,,118534.45,limit,1,0.0,0.0
2025-07-29 09:30:00-04:00,sell,new,,BTC-USD,stock,,0.0,,,limit,1,,0.0
2025-07-29 09:30:00-04:00,sell,fill,0.007089400000000001,BTC-USD,stock,,0.0,,118860.24,limit,1,0.0,0.0
2025-07-30 09:30:00-04:00,buy,new,,GLD,stock,,0.0,,,limit,1,,0.0
2025-07-30 09:30:00-04:00,sell,new,,DFEN,stock,,0.0,,,limit,1,,0.0
2025-07-30 09:30:00-04:00,buy,fill,2.4030999999999993,GLD,stock,,0.0,,304.4200134277344,limit,1,0.0,0.0
2025-07-30 09:30:00-04:00,sell,fill,18.291800000000002,DFEN,stock,,0.0,,60.17,limit,1,0.0,0.0
2025-07-31 09:30:00-04:00,buy,new,,SLV,stock,,0.0,,,limit,1,,0.0
2025-07-31 09:30:00-04:00,buy,fill,22.5751,SLV,stock,,0.0,,33.29999923706055,limit,1,0.0,0.0
2025-08-04 09:30:00-04:00,sell,new,,SMH,stock,,0.0,,,limit,1,,0.0
2025-08-04 09:30:00-04:00,sell,new,,ZAP,stock,,0.0,,,limit,1,,0.0
2025-08-04 09:30:00-04:00,sell,fill,3.3446000000000002,SMH,stock,,0.0,,286.2900085449219,limit,1,0.0,0.0
2025-08-04 09:30:00-04:00,sell,fill,31.605600000000003,ZAP,stock,,0.0,,28.389999389648438,limit,1,0.0,0.0
2025-08-05 09:30:00-04:00,buy,new,,BTC-USD,stock,,0.0,,,limit,1,,0.0
2025-08-05 09:30:00-04:00,buy,fill,0.01186565,BTC-USD,stock,,0.0,,114795.04,limit,1,0.0,0.0
2025-08-06 09:30:00-04:00,sell,new,,BTC-USD,stock,,0.0,,,limit,1,,0.0
2025-08-06 09:30:00-04:00,buy,new,,SMH,stock,,0.0,,,limit,1,,0.0
2025-08-06 09:30:00-04:00,buy,new,,ZAP,stock,,0.0,,,limit,1,,0.0
2025-08-06 09:30:00-04:00,sell,fill,0.01406781,BTC-USD,stock,,0.0,,114496.83,limit,1,0.0,0.0
2025-08-06 09:30:00-04:00,buy,fill,4.831200000000001,SMH,stock,,0.0,,284.8299865722656,limit,1,0.0,0.0
2025-08-06 09:30:00-04:00,buy,fill,22.9647,ZAP,stock,,0.0,,28.530000686645508,limit,1,0.0,0.0
2025-08-07 08:30:00-04:00,sell,fill,3.4601999999999995,GLD,stock,,0.0,,312.43,limit,1,0.0,0.0
2025-08-07 09:30:00-04:00,buy,new,,GLD,stock,,0.0,,,limit,1,,0.0
2025-08-07 09:30:00-04:00,sell,new,,ZAP,stock,,0.0,,,limit,1,,0.0
2025-08-07 09:30:00-04:00,buy,fill,4.999199999999999,GLD,stock,,0.0,,311.7200012207031,limit,1,0.0,0.0
2025-08-07 09:30:00-04:00,sell,fill,37.089,ZAP,stock,,0.0,,28.39,limit,1,0.0,0.0
2025-08-08 09:30:00-04:00,buy,new,,ZAP,stock,,0.0,,,limit,1,,0.0
2025-08-08 09:30:00-04:00,buy,fill,32.519800000000004,ZAP,stock,,0.0,,28.36,limit,1,0.0,0.0
2025-08-11 09:30:00-04:00,sell,new,,GLD,stock,,0.0,,,limit,1,,0.0
2025-08-11 09:30:00-04:00,sell,new,,ZAP,stock,,0.0,,,limit,1,,0.0
2025-08-11 09:30:00-04:00,buy,new,,DFEN,stock,,0.0,,,limit,1,,0.0
2025-08-11 09:30:00-04:00,sell,fill,38.012,ZAP,stock,,0.0,,28.3799991607666,limit,1,0.0,0.0
2025-08-11 09:30:00-04:00,buy,fill,10.961500000000001,DFEN,stock,,0.0,,57.709999084472656,limit,1,0.0,0.0
2025-08-12 09:30:00-04:00,buy,new,,BTC-USD,stock,,0.0,,,limit,1,,0.0
2025-08-12 09:30:00-04:00,sell,new,,GLD,stock,,0.0,,,limit,1,,0.0
2025-08-12 09:30:00-04:00,buy,fill,0.0054161,BTC-USD,stock,,0.0,,118717.6640625,limit,1,0.0,0.0
2025-08-12 09:30:00-04:00,sell,fill,3.0934999999999997,GLD,stock,,0.0,,308.2200012207031,limit,1,0.0,0.0
2025-08-13 09:30:00-04:00,buy,new,,BTC-USD,stock,,0.0,,,limit,1,,0.0
2025-08-13 09:30:00-04:00,sell,new,,SLV,stock,,0.0,,,limit,1,,0.0
2025-08-13 09:30:00-04:00,buy,new,,ZAP,stock,,0.0,,,limit,1,,0.0
2025-08-13 09:30:00-04:00,buy,fill,0.00788991,BTC-USD,stock,,0.0,,119311.25,limit,1,0.0,0.0
2025-08-13 09:30:00-04:00,sell,fill,28.653800000000004,SLV,stock,,0.0,,34.869998931884766,limit,1,0.0,0.0
2025-08-13 09:30:00-04:00,buy,fill,35.9341,ZAP,stock,,0.0,,28.44,limit,1,0.0,0.0
2025-08-14 09:30:00-04:00,sell,new,,BTC-USD,stock,,0.0,,,limit,1,,0.0
2025-08-14 09:30:00-04:00,buy,new,,DFEN,stock,,0.0,,,limit,1,,0.0
2025-08-14 09:30:00-04:00,sell,fill,0.006597,BTC-USD,stock,,0.0,,123339.3984375,limit,1,0.0,0.0
2025-08-14 09:30:00-04:00,buy,fill,13.7102,DFEN,stock,,0.0,,57.65999984741211,limit,1,0.0,0.0
2025-08-18 09:30:00-04:00,sell,new,,SPY,stock,,0.0,,,limit,1,,0.0
2025-08-18 09:30:00-04:00,sell,new,,SMH,stock,,0.0,,,limit,1,,0.0
2025-08-18 09:30:00-04:00,sell,fill,1.198,SPY,stock,,0.0,,642.8599853515625,limit,1,0.0,0.0
2025-08-20 09:30:00-04:00,buy,new,,GLD,stock,,0.0,,,limit,1,,0.0
2025-08-20 09:30:00-04:00,buy,fill,1.9886,GLD,stock,,0.0,,307.5400085449219,limit,1,0.0,0.0
2025-08-21 09:30:00-04:00,sell,new,,SMH,stock,,0.0,,,limit,1,,0.0
2025-08-21 09:30:00-04:00,sell,fill,2.9461000000000013,SMH,stock,,0.0,,288.55,limit,1,0.0,0.0
2025-08-22 08:30:00-04:00,sell,fill,3.2765,GLD,stock,,0.0,,310.79,limit,1,0.0,0.0
2025-08-22 09:30:00-04:00,sell,new,,BTC-USD,stock,,0.0,,,limit,1,,0.0
2025-08-22 09:30:00-04:00,buy,new,,GLD,stock,,0.0,,,limit,1,,0.0
2025-08-22 09:30:00-04:00,buy,new,,SLV,stock,,0.0,,,limit,1,,0.0
2025-08-22 09:30:00-04:00,sell,fill,0.00617994,BTC-USD,stock,,0.0,,113704.31,limit,1,0.0,0.0
2025-08-22 09:30:00-04:00,buy,fill,5.0913,GLD,stock,,0.0,,306.5199890136719,limit,1,0.0,0.0
2025-08-22 09:30:00-04:00,buy,fill,32.42360000000001,SLV,stock,,0.0,,34.459999084472656,limit,1,0.0,0.0
2025-08-26 09:30:00-04:00,sell,new,,GLD,stock,,0.0,,,limit,1,,0.0
2025-08-26 09:30:00-04:00,sell,new,,SLV,stock,,0.0,,,limit,1,,0.0
2025-08-26 09:30:00-04:00,buy,new,,SMH,stock,,0.0,,,limit,1,,0.0
2025-08-26 09:30:00-04:00,sell,fill,2.0119,GLD,stock,,0.0,,310.6199951171875,limit,1,0.0,0.0
2025-08-26 09:30:00-04:00,sell,fill,20.003200000000007,SLV,stock,,0.0,,34.900001525878906,limit,1,0.0,0.0
2025-08-26 09:30:00-04:00,buy,fill,2.6767000000000007,SMH,stock,,0.0,,294.82000732421875,limit,1,0.0,0.0
2025-08-27 08:30:00-04:00,sell,fill,2.465600000000001,SMH,stock,,0.0,,297.86,limit,1,0.0,0.0
2025-08-27 09:30:00-04:00,buy,new,,BTC-USD,stock,,0.0,,,limit,1,,0.0
2025-08-27 09:30:00-04:00,buy,fill,0.00849177,BTC-USD,stock,,0.0,,110674.72,limit,1,0.0,0.0
2025-08-28 09:30:00-04:00,sell,new,,BTC-USD,stock,,0.0,,,limit,1,,0.0
2025-08-28 09:30:00-04:00,buy,new,,SPY,stock,,0.0,,,limit,1,,0.0
2025-08-28 09:30:00-04:00,sell,fill,0.007455119999999999,BTC-USD,stock,,0.0,,111236.73,limit,1,0.0,0.0
2025-08-28 09:30:00-04:00,buy,fill,1.3862999999999999,SPY,stock,,0.0,,647.239990234375,limit,1,0.0,0.0
2025-08-29 09:30:00-04:00,sell,new,,DFEN,stock,,0.0,,,limit,1,,0.0
2025-08-29 09:30:00-04:00,sell,fill,24.660200000000003,DFEN,stock,,0.0,,60.63999938964844,limit,1,0.0,0.0
2025-09-02 09:30:00-04:00,buy,new,,BTC-USD,stock,,0.0,,,limit,1,,0.0
2025-09-02 09:30:00-04:00,sell,new,,SPY,stock,,0.0,,,limit,1,,0.0
2025-09-02 09:30:00-04:00,buy,new,,GLD,stock,,0.0,,,limit,1,,0.0
2025-09-02 09:30:00-04:00,sell,new,,ZAP,stock,,0.0,,,limit,1,,0.0
2025-09-02 09:30:00-04:00,buy,new,,DFEN,stock,,0.0,,,limit,1,,0.0
2025-09-02 09:30:00-04:00,buy,fill,0.01068691,BTC-USD,stock,,0.0,,108769.89,limit,1,0.0,0.0
2025-09-02 09:30:00-04:00,buy,fill,11.727900000000002,DFEN,stock,,0.0,,57.31999969482422,limit,1,0.0,0.0
2025-09-03 09:30:00-04:00,sell,new,,ZAP,stock,,0.0,,,limit,1,,0.0
2025-09-03 09:30:00-04:00,sell,fill,30.537500000000005,ZAP,stock,,0.0,,27.59000015258789,limit,1,0.0,0.0
2025-09-04 08:30:00-04:00,sell,fill,1.0230000000000001,SPY,stock,,0.0,,644.4199829101562,limit,1,0.0,0.0
2025-09-04 09:30:00-04:00,buy,new,,SLV,stock,,0.0,,,limit,1,,0.0
2025-09-04 09:30:00-04:00,buy,fill,17.398000000000003,SLV,stock,,0.0,,37.20000076293945,limit,1,0.0,0.0
2025-09-05 09:30:00-04:00,sell,new,,BTC-USD,stock,,0.0,,,limit,1,,0.0
2025-09-05 09:30:00-04:00,buy,new,,SMH,stock,,0.0,,,limit,1,,0.0
2025-09-05 09:30:00-04:00,sell,fill,0.00576955,BTC-USD,stock,,0.0,,111159.56,limit,1,0.0,0.0
2025-09-08 09:30:00-04:00,buy,new,,SMH,stock,,0.0,,,limit,1,,0.0
2025-09-08 09:30:00-04:00,buy,fill,4.087200000000001,SMH,stock,,0.0,,295.1400146484375,limit,1,0.0,0.0
2025-09-10 08:30:00-04:00,sell,fill,32.339800000000004,ZAP,stock,,0.0,,27.96,limit,1,0.0,0.0
2025-09-11 09:30:00-04:00,buy,new,,SPY,stock,,0.0,,,limit,1,,0.0
2025-09-11 09:30:00-04:00,sell,new,,GLD,stock,,0.0,,,limit,1,,0.0
2025-09-11 09:30:00-04:00,sell,new,,SLV,stock,,0.0,,,limit,1,,0.0
2025-09-11 09:30:00-04:00,buy,new,,ZAP,stock,,0.0,,,limit,1,,0.0
2025-09-11 09:30:00-04:00,buy,new,,DFEN,stock,,0.0,,,limit,1,,0.0
2025-09-11 09:30:00-04:00,buy,fill,1.1861000000000002,SPY,stock,,0.0,,654.1799926757812,limit,1,0.0,0.0
2025-09-11 09:30:00-04:00,sell,fill,3.1487000000000003,GLD,stock,,0.0,,334.05,limit,1,0.0,0.0
2025-09-11 09:30:00-04:00,sell,fill,20.349400000000003,SLV,stock,,0.0,,37.369998931884766,limit,1,0.0,0.0
2025-09-12 09:30:00-04:00,buy,new,,GLD,stock,,0.0,,,limit,1,,0.0
2025-09-12 09:30:00-04:00,sell,new,,SMH,stock,,0.0,,,limit,1,,0.0
2025-09-12 09:30:00-04:00,buy,new,,ZAP,stock,,0.0,,,limit,1,,0.0
2025-09-12 09:30:00-04:00,sell,fill,2.5901000000000005,SMH,stock,,0.0,,305.05999755859375,limit,1,0.0,0.0
2025-09-12 09:30:00-04:00,buy,fill,51.28060000000001,ZAP,stock,,0.0,,28.309999465942383,limit,1,0.0,0.0
2025-09-15 09:30:00-04:00,sell,new,,SPY,stock,,0.0,,,limit,1,,0.0
2025-09-15 09:30:00-04:00,buy,new,,GLD,stock,,0.0,,,limit,1,,0.0
2025-09-15 09:30:00-04:00,buy,new,,ZAP,stock,,0.0,,,limit,1,,0.0
2025-09-15 09:30:00-04:00,sell,fill,1.7906,SPY,stock,,0.0,,659.6400146484375,limit,1,0.0,0.0
2025-09-15 09:30:00-04:00,buy,fill,4.535399999999999,GLD,stock,,0.0,,336.30999755859375,limit,1,0.0,0.0
2025-09-16 08:30:00-04:00,buy,fill,36.4861,ZAP,stock,,0.0,,28.45,limit,1,0.0,0.0
2025-09-17 09:30:00-04:00,sell,new,,GLD,stock,,0.0,,,limit,1,,0.0
2025-09-17 09:30:00-04:00,buy,new,,DFEN,stock,,0.0,,,limit,1,,0.0
2025-09-17 09:30:00-04:00,sell,fill,3.5987999999999998,GLD,stock,,0.0,,338.5299987792969,limit,1,0.0,0.0
2025-09-17 09:30:00-04:00,buy,fill,14.1985,DFEN,stock,,0.0,,62.220001220703125,limit,1,0.0,0.0
2025-09-18 08:30:00-04:00,buy,fill,2.9065,GLD,stock,,0.0,,335.04,limit,1,0.0,0.0
2025-09-18 09:30:00-04:00,sell,new,,ZAP,stock,,0.0,,,limit,1,,0.0
2025-09-18 09:30:00-04:00,sell,fill,33.9521,ZAP,stock,,0.0,,28.399999618530273,limit,1,0.0,0.0
2025-09-19 09:30:00-04:00,sell,new,,SMH,stock,,0.0,,,limit,1,,0.0
2025-09-19 09:30:00-04:00,sell,new,,DFEN,stock,,0.0,,,limit,1,,0.0
2025-09-19 09:30:00-04:00,sell,fill,2.1231999999999998,SMH,stock,,0.0,,316.3999938964844,limit,1,0.0,0.0
2025-09-19 09:30:00-04:00,sell,fill,19.354999999999997,DFEN,stock,,0.0,,63.849998474121094,limit,1,0.0,0.0
2025-09-22 09:30:00-04:00,buy,new,,SPY,stock,,0.0,,,limit,1,,0.0
2025-09-22 09:30:00-04:00,buy,new,,DFEN,stock,,0.0,,,limit,1,,0.0
2025-09-22 09:30:00-04:00,buy,fill,1.5356,SPY,stock,,0.0,,662.2000122070312,limit,1,0.0,0.0
2025-09-22 09:30:00-04:00,buy,fill,14.272699999999997,DFEN,stock,,0.0,,63.189998626708984,limit,1,0.0,0.0
2025-09-25 09:30:00-04:00,sell,new,,SPY,stock,,0.0,,,limit,1,,0.0
2025-09-25 09:30:00-04:00,buy,new,,ZAP,stock,,0.0,,,limit,1,,0.0
2025-09-25 09:30:00-04:00,buy,fill,23.533500000000004,ZAP,stock,,0.0,,28.899999618530273,limit,1,0.0,0.0
2025-09-26 08:30:00-04:00,sell,fill,1.5951000000000002,SPY,stock,,0.0,,661.19,limit,1,0.0,0.0
2025-09-26 09:30:00-04:00,sell,new,,DFEN,stock,,0.0,,,limit,1,,0.0
2025-09-26 09:30:00-04:00,sell,fill,23.2656,DFEN,stock,,0.0,,64.7699966430664,limit,1,0.0,0.0
2025-09-29 09:30:00-04:00,buy,new,,SPY,stock,,0.0,,,limit,1,,0.0
2025-09-29 09:30:00-04:00,sell,new,,SLV,stock,,0.0,,,limit,1,,0.0
2025-09-29 09:30:00-04:00,buy,new,,SMH,stock,,0.0,,,limit,1,,0.0
2025-09-29 09:30:00-04:00,buy,new,,ZAP,stock,,0.0,,,limit,1,,0.0
2025-09-29 09:30:00-04:00,buy,fill,1.0545000000000002,SPY,stock,,0.0,,662.81,limit,1,0.0,0.0
2025-09-29 09:30:00-04:00,sell,fill,20.5911,SLV,stock,,0.0,,42.459999084472656,limit,1,0.0,0.0
2025-09-29 09:30:00-04:00,buy,fill,2.4228000000000005,SMH,stock,,0.0,,323.25,limit,1,0.0,0.0
2025-09-30 09:30:00-04:00,sell,new,,GLD,stock,,0.0,,,limit,1,,0.0
2025-09-30 09:30:00-04:00,buy,new,,DFEN,stock,,0.0,,,limit,1,,0.0
2025-09-30 09:30:00-04:00,sell,fill,2.058799999999999,GLD,stock,,0.0,,351.1300048828125,limit,1,0.0,0.0
2025-09-30 09:30:00-04:00,buy,fill,23.7754,DFEN,stock,,0.0,,65.38999938964844,limit,1,0.0,0.0
2025-10-01 09:30:00-04:00,buy,new,,BTC-USD,stock,,0.0,,,limit,1,,0.0
2025-10-01 09:30:00-04:00,sell,new,,SMH,stock,,0.0,,,limit,1,,0.0
2025-10-01 09:30:00-04:00,buy,fill,0.00625534,BTC-USD,stock,,0.0,,114057.59375,limit,1,0.0,0.0
2025-10-01 09:30:00-04:00,sell,fill,2.3845000000000005,SMH,stock,,0.0,,324.2799987792969,limit,1,0.0,0.0
2025-10-03 09:30:00-04:00,buy,new,,SLV,stock,,0.0,,,limit,1,,0.0
2025-10-03 09:30:00-04:00,buy,fill,16.127,SLV,stock,,0.0,,43.33000183105469,limit,1,0.0,0.0
2025-10-06 09:30:00-04:00,sell,new,,BTC-USD,stock,,0.0,,,limit,1,,0.0
2025-10-06 09:30:00-04:00,buy,new,,SPY,stock,,0.0,,,limit,1,,0.0
2025-10-06 09:30:00-04:00,sell,new,,DFEN,stock,,0.0,,,limit,1,,0.0
2025-10-06 09:30:00-04:00,sell,fill,0.00956497,BTC-USD,stock,,0.0,,123510.453125,limit,1,0.0,0.0
2025-10-06 09:30:00-04:00,buy,fill,1.0631,SPY,stock,,0.0,,671.6199951171875,limit,1,0.0,0.0
2025-10-06 09:30:00-04:00,sell,fill,15.307200000000002,DFEN,stock,,0.0,,69.93000030517578,limit,1,0.0,0.0
2025-10-07 09:30:00-04:00,buy,new,,GLD,stock,,0.0,,,limit,1,,0.0
2025-10-08 09:30:00-04:00,buy,new,,BTC-USD,stock,,0.0,,,limit,1,,0.0
2025-10-08 09:30:00-04:00,sell,new,,SLV,stock,,0.0,,,limit,1,,0.0
2025-10-08 09:30:00-04:00,buy,fill,0.011718919999999999,BTC-USD,stock,,0.0,,121448.3515625,limit,1,0.0,0.0
2025-10-08 09:30:00-04:00,sell,fill,22.930299999999995,SLV,stock,,0.0,,44.43000030517578,limit,1,0.0,0.0
2025-10-09 08:30:00-04:00,buy,fill,3.7188,GLD,stock,,0.0,,363.97,limit,1,0.0,0.0
2025-10-09 09:30:00-04:00,sell,new,,BTC-USD,stock,,0.0,,,limit,1,,0.0
2025-10-09 09:30:00-04:00,sell,new,,ZAP,stock,,0.0,,,limit,1,,0.0
2025-10-09 09:30:00-04:00,buy,new,,DFEN,stock,,0.0,,,limit,1,,0.0
2025-10-09 09:30:00-04:00,sell,fill,0.007472089999999999,BTC-USD,stock,,0.0,,123337.0703125,limit,1,0.0,0.0
2025-10-09 09:30:00-04:00,sell,fill,33.939800000000005,ZAP,stock,,0.0,,30.5,limit,1,0.0,0.0
2025-10-09 09:30:00-04:00,buy,fill,15.3217,DFEN,stock,,0.0,,73.95,limit,1,0.0,0.0
2025-10-10 08:30:00-04:00,buy,fill,0.006544000000000001,BTC-USD,stock,,0.0,,106231.62,limit,1,0.0,0.0
2025-10-10 09:30:00-04:00,sell,new,,GLD,stock,,0.0,,,limit,1,,0.0
2025-10-10 09:30:00-04:00,buy,new,,ZAP,stock,,0.0,,,limit,1,,0.0
2025-10-10 09:30:00-04:00,sell,new,,DFEN,stock,,0.0,,,limit,1,,0.0
2025-10-10 09:30:00-04:00,buy,fill,35.3099,ZAP,stock,,0.0,,30.309999465942383,limit,1,0.0,0.0
2025-10-13 08:30:00-04:00,sell,fill,2.5090000000000003,GLD,stock,,0.0,,376.5,limit,1,0.0,0.0
2025-10-13 09:30:00-04:00,sell,new,,SPY,stock,,0.0,,,limit,1,,0.0
2025-10-13 09:30:00-04:00,sell,new,,DFEN,stock,,0.0,,,limit,1,,0.0
2025-10-14 08:30:00-04:00,sell,fill,19.884099999999997,DFEN,stock,,0.0,,70.48,limit,1,0.0,0.0
2025-10-14 09:30:00-04:00,sell,new,,BTC-USD,stock,,0.0,,,limit,1,,0.0
2025-10-14 09:30:00-04:00,buy,new,,GLD,stock,,0.0,,,limit,1,,0.0
2025-10-14 09:30:00-04:00,sell,fill,0.008276899999999998,BTC-USD,stock,,0.0,,115264.8828125,limit,1,0.0,0.0
2025-10-14 09:30:00-04:00,buy,fill,3.5007,GLD,stock,,0.0,,378.2099914550781,limit,1,0.0,0.0
2025-10-15 08:30:00-04:00,sell,fill,1.2691,SPY,stock,,0.0,,668.77,limit,1,0.0,0.0
2025-10-15 09:30:00-04:00,sell,new,,GLD,stock,,0.0,,,limit,1,,0.0
2025-10-15 09:30:00-04:00,buy,new,,SMH,stock,,0.0,,,limit,1,,0.0
2025-10-15 09:30:00-04:00,buy,new,,DFEN,stock,,0.0,,,limit,1,,0.0
2025-10-15 09:30:00-04:00,sell,fill,3.8693999999999997,GLD,stock,,0.0,,385.92999267578125,limit,1,0.0,0.0
2025-10-15 09:30:00-04:00,buy,fill,27.2738,DFEN,stock,,0.0,,66.67,limit,1,0.0,0.0
2025-10-16 09:30:00-04:00,buy,new,,SLV,stock,,0.0,,,limit,1,,0.0
2025-10-17 08:30:00-04:00,buy,fill,17.798499999999997,SLV,stock,,0.0,,47.99,limit,1,0.0,0.0
2025-10-17 09:30:00-04:00,sell,new,,GLD,stock,,0.0,,,limit,1,,0.0
2025-10-17 09:30:00-04:00,buy,new,,SMH,stock,,0.0,,,limit,1,,0.0
2025-10-17 09:30:00-04:00,sell,new,,ZAP,stock,,0.0,,,limit,1,,0.0
2025-10-17 09:30:00-04:00,sell,fill,2.5056000000000003,GLD,stock,,0.0,,397.1400146484375,limit,1,0.0,0.0
2025-10-17 09:30:00-04:00,buy,fill,2.8294,SMH,stock,,0.0,,341.2200012207031,limit,1,0.0,0.0
2025-10-22 08:30:00-04:00,buy,fill,2.6595999999999997,SMH,stock,,0.0,,334.73,limit,1,0.0,0.0
2025-10-22 09:30:00-04:00,sell,new,,SMH,stock,,0.0,,,limit,1,,0.0
2025-10-23 08:30:00-04:00,sell,fill,4.5358,SMH,stock,,0.0,,345.32,limit,1,0.0,0.0
2025-10-23 09:30:00-04:00,buy,new,,BTC-USD,stock,,0.0,,,limit,1,,0.0
2025-10-23 09:30:00-04:00,buy,fill,0.011219519999999997,BTC-USD,stock,,0.0,,107679.4375,limit,1,0.0,0.0
2025-10-24 08:30:00-04:00,sell,fill,13.3205,DFEN,stock,,0.0,,76.06999969482422,limit,1,0.0,0.0
2025-10-27 09:30:00-04:00,buy,new,,SLV,stock,,0.0,,,limit,1,,0.0
2025-10-27 09:30:00-04:00,buy,fill,24.6717,SLV,stock,,0.0,,42.970001220703125,limit,1,0.0,0.0
2025-10-28 09:30:00-04:00,sell,new,,BTC-USD,stock,,0.0,,,limit,1,,0.0
2025-10-28 09:30:00-04:00,sell,fill,0.00789966,BTC-USD,stock,,0.0,,114129.0859375,limit,1,0.0,0.0
2025-10-29 09:30:00-04:00,buy,new,,GLD,stock,,0.0,,,limit,1,,0.0
2025-10-29 09:30:00-04:00,buy,fill,2.8431999999999995,GLD,stock,,0.0,,363.62,limit,1,0.0,0.0
2025-10-31 09:30:00-04:00,sell,new,,SLV,stock,,0.0,,,limit,1,,0.0
2025-10-31 09:30:00-04:00,sell,fill,33.2804,SLV,stock,,0.0,,44.47999954223633,limit,1,0.0,0.0
2025-11-03 09:30:00-05:00,buy,new,,SPY,stock,,0.0,,,limit,1,,0.0
2025-11-03 09:30:00-05:00,buy,fill,1.1214,SPY,stock,,0.0,,685.6699829101562,limit,1,0.0,0.0
2025-11-04 08:30:00-05:00,buy,fill,0.01115422,BTC-USD,stock,,0.0,,101492.41,limit,1,0.0,0.0
2025-11-04 09:30:00-05:00,sell,new,,BTC-USD,stock,,0.0,,,limit,1,,0.0
2025-11-05 09:30:00-05:00,sell,new,,BTC-USD,stock,,0.0,,,limit,1,,0.0
2025-11-05 09:30:00-05:00,sell,new,,SPY,stock,,0.0,,,limit,1,,0.0
2025-11-05 09:30:00-05:00,sell,fill,1.4918,SPY,stock,,0.0,,674.97998046875,limit,1,0.0,0.0
2025-11-06 09:30:00-05:00,sell,new,,BTC-USD,stock,,0.0,,,limit,1,,0.0
2025-11-06 09:30:00-05:00,sell,new,,ZAP,stock,,0.0,,,limit,1,,0.0
2025-11-06 09:30:00-05:00,sell,fill,0.00973758,BTC-USD,stock,,0.0,,103893.6640625,limit,1,0.0,0.0
2025-11-06 09:30:00-05:00,sell,fill,25.959199999999996,ZAP,stock,,0.0,,30.565000534057617,limit,1,0.0,0.0
2025-11-07 09:30:00-05:00,buy,new,,SLV,stock,,0.0,,,limit,1,,0.0
2025-11-07 09:30:00-05:00,sell,new,,DFEN,stock,,0.0,,,limit,1,,0.0
2025-11-07 09:30:00-05:00,buy,fill,22.146,SLV,stock,,0.0,,43.88,limit,1,0.0,0.0
2025-11-07 09:30:00-05:00,sell,fill,13.806800000000004,DFEN,stock,,0.0,,66.92,limit,1,0.0,0.0
2025-11-10 08:30:00-05:00,sell,fill,0.011201989999999998,BTC-USD,stock,,0.0,,106008.71,limit,1,0.0,0.0
2025-11-10 09:30:00-05:00,buy,new,,BTC-USD,stock,,0.0,,,limit,1,,0.0
2025-11-11 08:30:00-05:00,buy,fill,0.008888529999999999,BTC-USD,stock,,0.0,,102790.38,limit,1,0.0,0.0
2025-11-11 09:30:00-05:00,buy,new,,SPY,stock,,0.0,,,limit,1,,0.0
2025-11-11 09:30:00-05:00,buy,new,,ZAP,stock,,0.0,,,limit,1,,0.0
2025-11-11 09:30:00-05:00,buy,fill,1.2506999999999997,SPY,stock,,0.0,,679.9500122070312,limit,1,0.0,0.0
2025-11-11 09:30:00-05:00,buy,fill,26.363,ZAP,stock,,0.0,,30.739999771118164,limit,1,0.0,0.0
2025-11-13 09:30:00-05:00,buy,new,,BTC-USD,stock,,0.0,,,limit,1,,0.0
2025-11-13 09:30:00-05:00,buy,fill,0.007262359999999999,BTC-USD,stock,,0.0,,101674.1484375,limit,1,0.0,0.0
2025-11-14 09:30:00-05:00,sell,new,,SLV,stock,,0.0,,,limit,1,,0.0
2025-11-17 09:30:00-05:00,sell,new,,SLV,stock,,0.0,,,limit,1,,0.0
2025-11-17 09:30:00-05:00,buy,new,,DFEN,stock,,0.0,,,limit,1,,0.0
2025-11-17 09:30:00-05:00,sell,fill,23.9009,SLV,stock,,0.0,,45.810001373291016,limit,1,0.0,0.0
2025-11-17 09:30:00-05:00,buy,fill,15.1623,DFEN,stock,,0.0,,61.64,limit,1,0.0,0.0
2025-11-21 08:30:00-05:00,buy,fill,15.189499999999999,DFEN,stock,,0.0,,56.96,limit,1,0.0,0.0
2025-11-21 09:30:00-05:00,sell,new,,SPY,stock,,0.0,,,limit,1,,0.0
2025-11-24 08:30:00-05:00,sell,fill,1.2925999999999997,SPY,stock,,0.0,,669.55,limit,1,0.0,0.0
2025-11-24 09:30:00-05:00,sell,new,,ZAP,stock,,0.0,,,limit,1,,0.0
2025-11-24 09:30:00-05:00,sell,fill,22.968400000000003,ZAP,stock,,0.0,,29.700000762939453,limit,1,0.0,0.0
2025-11-25 09:30:00-05:00,sell,new,,DFEN,stock,,0.0,,,limit,1,,0.0
2025-11-25 09:30:00-05:00,sell,fill,12.290000000000003,DFEN,stock,,0.0,,58.709999084472656,limit,1,0.0,0.0
2025-11-26 08:30:00-05:00,sell,fill,16.0865,SLV,stock,,0.0,,48.05,limit,1,0.0,0.0
2025-11-26 09:30:00-05:00,buy,new,,SLV,stock,,0.0,,,limit,1,,0.0
2025-11-28 09:30:00-05:00,buy,new,,SLV,stock,,0.0,,,limit,1,,0.0
2025-12-01 09:30:00-05:00,buy,new,,SLV,stock,,0.0,,,limit,1,,0.0
2025-12-01 09:30:00-05:00,sell,new,,DFEN,stock,,0.0,,,limit,1,,0.0
2025-12-02 09:30:00-05:00,buy,new,,SLV,stock,,0.0,,,limit,1,,0.0
2025-12-02 09:30:00-05:00,buy,new,,SMH,stock,,0.0,,,limit,1,,0.0
2025-12-02 09:30:00-05:00,sell,new,,DFEN,stock,,0.0,,,limit,1,,0.0
2025-12-02 09:30:00-05:00,buy,fill,18.0796,SLV,stock,,0.0,,52.25,limit,1,0.0,0.0
2025-12-03 09:30:00-05:00,buy,new,,SPY,stock,,0.0,,,limit,1,,0.0
2025-12-03 09:30:00-05:00,sell,new,,DFEN,stock,,0.0,,,limit,1,,0.0
2025-12-03 09:30:00-05:00,buy,fill,1.1259000000000001,SPY,stock,,0.0,,680.5700073242188,limit,1,0.0,0.0
2025-12-03 09:30:00-05:00,sell,fill,22.098799999999997,DFEN,stock,,0.0,,59.060001373291016,limit,1,0.0,0.0
2025-12-04 08:30:00-05:00,sell,fill,19.690299999999997,DFEN,stock,,0.0,,61.34,limit,1,0.0,0.0
2025-12-04 08:30:00-05:00,sell,fill,19.188399999999994,DFEN,stock,,0.0,,60.98,limit,1,0.0,0.0
2025-12-04 09:30:00-05:00,sell,new,,GLD,stock,,0.0,,,limit,1,,0.0
2025-12-04 09:30:00-05:00,buy,new,,DFEN,stock,,0.0,,,limit,1,,0.0
2025-12-04 09:30:00-05:00,sell,fill,2.6049999999999995,GLD,stock,,0.0,,386.9200134277344,limit,1,0.0,0.0
2025-12-04 09:30:00-05:00,buy,fill,70.0081,DFEN,stock,,0.0,,59.36,limit,1,0.0,0.0
2025-12-05 09:30:00-05:00,sell,new,,BTC-USD,stock,,0.0,,,limit,1,,0.0
2025-12-05 09:30:00-05:00,buy,new,,GLD,stock,,0.0,,,limit,1,,0.0
2025-12-05 09:30:00-05:00,buy,new,,ZAP,stock,,0.0,,,limit,1,,0.0
2025-12-05 09:30:00-05:00,buy,fill,3.4257999999999997,GLD,stock,,0.0,,388.85,limit,1,0.0,0.0
2025-12-05 09:30:00-05:00,buy,fill,30.764300000000006,ZAP,stock,,0.0,,29.83,limit,1,0.0,0.0
2025-12-08 09:30:00-05:00,sell,new,,SLV,stock,,0.0,,,limit,1,,0.0
2025-12-08 09:30:00-05:00,sell,new,,DFEN,stock,,0.0,,,limit,1,,0.0
2025-12-08 09:30:00-05:00,sell,fill,14.2722,SLV,stock,,0.0,,52.88999938964844,limit,1,0.0,0.0
2025-12-09 08:30:00-05:00,sell,fill,0.01571053,BTC-USD,stock,,0.0,,92986.99,limit,1,0.0,0.0
2025-12-09 08:30:00-05:00,sell,fill,13.39520000000001,DFEN,stock,,0.0,,61.7,limit,1,0.0,0.0
2025-12-09 09:30:00-05:00,buy,new,,BTC-USD,stock,,0.0,,,limit,1,,0.0
2025-12-09 09:30:00-05:00,buy,fill,0.01144742,BTC-USD,stock,,0.0,,90639.703125,limit,1,0.0,0.0
2025-12-10 09:30:00-05:00,sell,new,,DFEN,stock,,0.0,,,limit,1,,0.0
2025-12-12 08:30:00-05:00,sell,fill,12.267099999999997,DFEN,stock,,0.0,,60.74,limit,1,0.0,0.0
2025-12-15 09:30:00-05:00,sell,new,,GLD,stock,,0.0,,,limit,1,,0.0
2025-12-15 09:30:00-05:00,buy,new,,SLV,stock,,0.0,,,limit,1,,0.0
2025-12-15 09:30:00-05:00,buy,new,,SMH,stock,,0.0,,,limit,1,,0.0
2025-12-15 09:30:00-05:00,sell,fill,2.893,GLD,stock,,0.0,,397.760009765625,limit,1,0.0,0.0
2025-12-15 09:30:00-05:00,buy,fill,13.078100000000001,SLV,stock,,0.0,,57.84000015258789,limit,1,0.0,0.0
2025-12-15 09:30:00-05:00,buy,fill,2.0103999999999997,SMH,stock,,0.0,,358.1300048828125,limit,1,0.0,0.0
2025-12-16 08:30:00-05:00,buy,fill,2.2317,SMH,stock,,0.0,,350.59,limit,1,0.0,0.0
2025-12-16 09:30:00-05:00,buy,new,,BTC-USD,stock,,0.0,,,limit,1,,0.0
2025-12-16 09:30:00-05:00,buy,fill,0.008766160000000002,BTC-USD,stock,,0.0,,86424.40625,limit,1,0.0,0.0
2025-12-17 08:30:00-05:00,buy,fill,23.1237,ZAP,stock,,0.0,,28.91,limit,1,0.0,0.0
2025-12-17 09:30:00-05:00,sell,new,,SMH,stock,,0.0,,,limit,1,,0.0
2025-12-17 09:30:00-05:00,sell,new,,ZAP,stock,,0.0,,,limit,1,,0.0
2025-12-17 09:30:00-05:00,sell,fill,4.439599999999999,SMH,stock,,0.0,,352.8900146484375,limit,1,0.0,0.0
2025-12-17 09:30:00-05:00,sell,fill,25.436000000000007,ZAP,stock,,0.0,,29.3700008392334,limit,1,0.0,0.0
2025-12-18 09:30:00-05:00,sell,new,,BTC-USD,stock,,0.0,,,limit,1,,0.0
2025-12-18 09:30:00-05:00,sell,fill,0.0098086,BTC-USD,stock,,0.0,,87408.38,limit,1,0.0,0.0
2025-12-19 09:30:00-05:00,buy,new,,BTC-USD,stock,,0.0,,,limit,1,,0.0
2025-12-19 09:30:00-05:00,buy,new,,DFEN,stock,,0.0,,,limit,1,,0.0
2025-12-19 09:30:00-05:00,buy,fill,0.008269160000000001,BTC-USD,stock,,0.0,,85476.1328125,limit,1,0.0,0.0
2025-12-22 09:30:00-05:00,sell,new,,BTC-USD,stock,,0.0,,,limit,1,,0.0
2025-12-22 09:30:00-05:00,buy,new,,GLD,stock,,0.0,,,limit,1,,0.0
2025-12-22 09:30:00-05:00,buy,new,,SLV,stock,,0.0,,,limit,1,,0.0
2025-12-22 09:30:00-05:00,sell,fill,0.01768823,BTC-USD,stock,,0.0,,88621.3984375,limit,1,0.0,0.0
2025-12-23 09:30:00-05:00,buy,new,,BTC-USD,stock,,0.0,,,limit,1,,0.0
2025-12-23 09:30:00-05:00,buy,new,,GLD,stock,,0.0,,,limit,1,,0.0
2025-12-23 09:30:00-05:00,buy,new,,SLV,stock,,0.0,,,limit,1,,0.0
2025-12-23 09:30:00-05:00,buy,fill,0.008325109999999997,BTC-USD,stock,,0.0,,88490.03125,limit,1,0.0,0.0
2025-12-23 09:30:00-05:00,buy,fill,2.7371,GLD,stock,,0.0,,409.01,limit,1,0.0,0.0
2025-12-23 09:30:00-05:00,buy,fill,16.9874,SLV,stock,,0.0,,62.91,limit,1,0.0,0.0
2025-12-24 09:30:00-05:00,sell,new,,SLV,stock,,0.0,,,limit,1,,0.0
2025-12-24 09:30:00-05:00,buy,new,,SMH,stock,,0.0,,,limit,1,,0.0
2025-12-24 09:30:00-05:00,buy,new,,ZAP,stock,,0.0,,,limit,1,,0.0
2025-12-24 09:30:00-05:00,sell,fill,22.0618,SLV,stock,,0.0,,65.08000183105469,limit,1,0.0,0.0
2025-12-24 09:30:00-05:00,buy,fill,24.9422,ZAP,stock,,0.0,,29.350000381469727,limit,1,0.0,0.0
2025-12-26 09:30:00-05:00,sell,new,,ZAP,stock,,0.0,,,limit,1,,0.0
2025-12-26 09:30:00-05:00,sell,fill,27.67389999999999,ZAP,stock,,0.0,,29.469999313354492,limit,1,0.0,0.0
2025-12-29 08:30:00-05:00,buy,fill,3.1266,GLD,stock,,0.0,,399.91,limit,1,0.0,0.0
2025-12-29 09:30:00-05:00,sell,new,,GLD,stock,,0.0,,,limit,1,,0.0
2025-12-29 09:30:00-05:00,buy,new,,DFEN,stock,,0.0,,,limit,1,,0.0
2025-12-29 09:30:00-05:00,buy,fill,20.141999999999996,DFEN,stock,,0.0,,66.68000030517578,limit,1,0.0,0.0
2025-12-30 09:30:00-05:00,sell,new,,GLD,stock,,0.0,,,limit,1,,0.0
2025-12-30 09:30:00-05:00,sell,fill,3.6598000000000006,GLD,stock,,0.0,,403.6000061035156,limit,1,0.0,0.0
2025-12-31 08:30:00-05:00,buy,fill,2.9766999999999983,SMH,stock,,0.0,,360.39,limit,1,0.0,0.0
2025-12-31 09:30:00-05:00,sell,new,,SMH,stock,,0.0,,,limit,1,,0.0
2025-12-31 09:30:00-05:00,sell,fill,3.0915999999999997,SMH,stock,,0.0,,364.8299865722656,limit,1,0.0,0.0
2026-01-05 09:30:00-05:00,buy,new,,BTC-USD,stock,,0.0,,,limit,1,,0.0
2026-01-06 09:30:00-05:00,buy,new,,SMH,stock,,0.0,,,limit,1,,0.0
2026-01-06 09:30:00-05:00,sell,new,,DFEN,stock,,0.0,,,limit,1,,0.0
2026-01-06 09:30:00-05:00,buy,fill,2.3299000000000003,SMH,stock,,0.0,,382.3999938964844,limit,1,0.0,0.0
2026-01-06 09:30:00-05:00,sell,fill,16.103199999999998,DFEN,stock,,0.0,,75.20999908447266,limit,1,0.0,0.0
2026-01-07 08:30:00-05:00,buy,fill,0.009814320000000001,BTC-USD,stock,,0.0,,91056.01,limit,1,0.0,0.0
2026-01-09 08:30:00-05:00,sell,fill,3.8284000000000002,GLD,stock,,0.0,,414.4,limit,1,0.0,0.0
2026-01-09 09:30:00-05:00,buy,new,,GLD,stock,,0.0,,,limit,1,,0.0
2026-01-13 09:30:00-05:00,buy,new,,GLD,stock,,0.0,,,limit,1,,0.0
2026-01-13 09:30:00-05:00,buy,fill,2.362800000000001,GLD,stock,,0.0,,423.63,limit,1,0.0,0.0
2026-01-15 09:30:00-05:00,sell,new,,SMH,stock,,0.0,,,limit,1,,0.0
2026-01-15 09:30:00-05:00,sell,fill,2.2889,SMH,stock,,0.0,,401.07000732421875,limit,1,0.0,0.0
2026-01-16 09:30:00-05:00,buy,new,,GLD,stock,,0.0,,,limit,1,,0.0
2026-01-16 09:30:00-05:00,buy,fill,2.2205000000000004,GLD,stock,,0.0,,422.79998779296875,limit,1,0.0,0.0
2026-01-23 09:30:00-05:00,sell,new,,GLD,stock,,0.0,,,limit,1,,0.0
2026-01-23 09:30:00-05:00,sell,fill,3.2317,GLD,stock,,0.0,,454.1099853515625,limit,1,0.0,0.0
2026-01-26 09:30:00-05:00,sell,new,,BTC-USD,stock,,0.0,,,limit,1,,0.0
2026-01-26 09:30:00-05:00,buy,new,,ZAP,stock,,0.0,,,limit,1,,0.0
2026-01-26 09:30:00-05:00,sell,fill,0.00951004,BTC-USD,stock,,0.0,,88659.24,limit,1,0.0,0.0
2026-01-26 09:30:00-05:00,buy,fill,44.555099999999996,ZAP,stock,,0.0,,30.350000381469727,limit,1,0.0,0.0
2026-01-27 09:30:00-05:00,buy,new,,BTC-USD,stock,,0.0,,,limit,1,,0.0
2026-01-28 09:30:00-05:00,buy,new,,BTC-USD,stock,,0.0,,,limit,1,,0.0
2026-01-28 09:30:00-05:00,sell,new,,ZAP,stock,,0.0,,,limit,1,,0.0
2026-01-28 09:30:00-05:00,sell,fill,32.82340000000001,ZAP,stock,,0.0,,30.8799991607666,limit,1,0.0,0.0
2026-01-29 08:30:00-05:00,buy,fill,0.011323240000000002,BTC-USD,stock,,0.0,,86999.36,limit,1,0.0,0.0
2026-01-29 08:30:00-05:00,buy,fill,0.011030330000000001,BTC-USD,stock,,0.0,,88698.76,limit,1,0.0,0.0
2026-01-29 09:30:00-05:00,sell,new,,BTC-USD,stock,,0.0,,,limit,1,,0.0
2026-01-29 09:30:00-05:00,buy,new,,SMH,stock,,0.0,,,limit,1,,0.0
2026-01-29 09:30:00-05:00,buy,new,,DFEN,stock,,0.0,,,limit,1,,0.0
2026-01-29 09:30:00-05:00,sell,fill,0.02545125,BTC-USD,stock,,0.0,,89169.8515625,limit,1,0.0,0.0
2026-01-29 09:30:00-05:00,buy,fill,2.9335999999999993,SMH,stock,,0.0,,417.42,limit,1,0.0,0.0
2026-01-29 09:30:00-05:00,buy,fill,17.716199999999997,DFEN,stock,,0.0,,81.95999908447266,limit,1,0.0,0.0
2026-01-30 08:30:00-05:00,sell,fill,27.593799999999995,ZAP,stock,,0.0,,31.28,limit,1,0.0,0.0
2026-01-30 09:30:00-05:00,buy,new,,BTC-USD,stock,,0.0,,,limit,1,,0.0
2026-01-30 09:30:00-05:00,sell,new,,DFEN,stock,,0.0,,,limit,1,,0.0
2026-01-30 09:30:00-05:00,buy,fill,0.0106337,BTC-USD,stock,,0.0,,84562.7265625,limit,1,0.0,0.0
2026-02-02 09:30:00-05:00,sell,new,,SMH,stock,,0.0,,,limit,1,,0.0
2026-02-02 09:30:00-05:00,sell,fill,5.1751,SMH,stock,,0.0,,409.22,limit,1,0.0,0.0
2026-02-03 08:30:00-05:00,sell,fill,14.144099999999998,DFEN,stock,,0.0,,81.55,limit,1,0.0,0.0
2026-02-03 09:30:00-05:00,buy,new,,BTC-USD,stock,,0.0,,,limit,1,,0.0
2026-02-03 09:30:00-05:00,buy,new,,SLV,stock,,0.0,,,limit,1,,0.0
2026-02-03 09:30:00-05:00,buy,new,,DFEN,stock,,0.0,,,limit,1,,0.0
2026-02-03 09:30:00-05:00,buy,fill,0.016738939999999997,BTC-USD,stock,,0.0,,77353.72,limit,1,0.0,0.0
2026-02-03 09:30:00-05:00,buy,fill,12.5911,DFEN,stock,,0.0,,78.16,limit,1,0.0,0.0
2026-02-04 09:30:00-05:00,sell,new,,BTC-USD,stock,,0.0,,,limit,1,,0.0
2026-02-04 09:30:00-05:00,buy,new,,GLD,stock,,0.0,,,limit,1,,0.0
2026-02-04 09:30:00-05:00,sell,new,,DFEN,stock,,0.0,,,limit,1,,0.0
2026-02-04 09:30:00-05:00,buy,fill,1.9608999999999996,GLD,stock,,0.0,,454.89,limit,1,0.0,0.0
2026-02-04 09:30:00-05:00,sell,fill,14.4586,DFEN,stock,,0.0,,82.12999725341797,limit,1,0.0,0.0
2026-02-05 08:30:00-05:00,buy,fill,11.4085,SLV,stock,,0.0,,68.2300033569336,limit,1,0.0,0.0
2026-02-09 09:30:00-05:00,sell,new,,SPY,stock,,0.0,,,limit,1,,0.0
2026-02-09 09:30:00-05:00,buy,new,,SMH,stock,,0.0,,,limit,1,,0.0
2026-02-09 09:30:00-05:00,sell,fill,1.6018000000000001,SPY,stock,,0.0,,689.4199829101562,limit,1,0.0,0.0
2026-02-10 09:30:00-05:00,buy,new,,SMH,stock,,0.0,,,limit,1,,0.0
2026-02-11 09:30:00-05:00,buy,new,,SPY,stock,,0.0,,,limit,1,,0.0
2026-02-11 09:30:00-05:00,buy,new,,SMH,stock,,0.0,,,limit,1,,0.0
2026-02-11 09:30:00-05:00,buy,fill,1.3088,SPY,stock,,0.0,,696.3900146484375,limit,1,0.0,0.0
2026-02-11 09:30:00-05:00,buy,fill,2.7413000000000003,SMH,stock,,0.0,,410.22,limit,1,0.0,0.0
2026-02-13 09:30:00-05:00,sell,new,,SMH,stock,,0.0,,,limit,1,,0.0
2026-02-13 09:30:00-05:00,sell,new,,ZAP,stock,,0.0,,,limit,1,,0.0
2026-02-13 09:30:00-05:00,sell,fill,27.340000000000003,ZAP,stock,,0.0,,32.150001525878906,limit,1,0.0,0.0
