datetime,portfolio_value,cash,positions,return
2025-03-03 08:30:00-05:00,10000.0,10000.0,[],
2025-03-03 09:30:00-05:00,10000.0,10000.0,[],0.0
2025-03-03 09:30:00-05:00,10000.0,10000.0,[],0.0
2025-03-03 16:00:00-05:00,9969.351252626122,3764.3371672504,"[{'asset': {'symbol': 'DFEN', 'type': 'stock'}, 'quantity': 35.4931}, {'asset': {'symbol': 'BTC-USD', 'type': 'stock'}, 'quantity': 0.01278934}, {'asset': {'symbol': 'SMH', 'type': 'stock'}, 'quantity': 5.2143}, {'asset': {'symbol': 'SPY', 'type': 'stock'}, 'quantity': 2.3106}, {'asset': {'symbol': 'ZAP', 'type': 'stock'}, 'quantity': 59.2384}]",-0.0030648747373878127
2025-03-04 08:30:00-05:00,10229.734840003846,3764.3371672504,"[{'asset': {'symbol': 'DFEN', 'type': 'stock'}, 'quantity': 35.4931}, {'asset': {'symbol': 'BTC-USD', 'type': 'stock'}, 'quantity': 0.01278934}, {'asset': {'symbol': 'SMH', 'type': 'stock'}, 'quantity': 5.2143}, {'asset': {'symbol': 'SPY', 'type': 'stock'}, 'quantity': 2.3106}, {'asset': {'symbol': 'ZAP', 'type': 'stock'}, 'quantity': 59.2384}]",0.02611840838782098
2025-03-04 09:30:00-05:00,10229.734840003846,3764.3371672504,"[{'asset': {'symbol': 'DFEN', 'type': 'stock'}, 'quantity': 35.4931}, {'asset': {'symbol': 'BTC-USD', 'type': 'stock'}, 'quantity': 0.01278934}, {'asset': {'symbol': 'SMH', 'type': 'stock'}, 'quantity': 5.2143}, {'asset': {'symbol': 'SPY', 'type': 'stock'}, 'quantity': 2.3106}, {'asset': {'symbol': 'ZAP', 'type': 'stock'}, 'quantity': 59.2384}]",0.0
2025-03-04 09:30:00-05:00,10229.734840003846,3764.3371672504,"[{'asset': {'symbol': 'DFEN', 'type': 'stock'}, 'quantity': 35.4931}, {'asset': {'symbol': 'BTC-USD', 'type': 'stock'}, 'quantity': 0.01278934}, {'asset': {'symbol': 'SMH', 'type': 'stock'}, 'quantity': 5.2143}, {'asset': {'symbol': 'SPY', 'type': 'stock'}, 'quantity': 2.3106}, {'asset': {'symbol': 'ZAP', 'type': 'stock'}, 'quantity': 59.2384}]",0.0
2025-03-04 16:00:00-05:00,10228.815443366884,2254.4505341922336,"[{'asset': {'symbol': 'DFEN', 'type': 'stock'}, 'quantity': 35.4931}, {'asset': {'symbol': 'BTC-USD', 'type': 'stock'}, 'quantity': 0.01278934}, {'asset': {'symbol': 'SMH', 'type': 'stock'}, 'quantity': 5.6698}, {'asset': {'symbol': 'SPY', 'type': 'stock'}, 'quantity': 2.3106}, {'asset': {'symbol': 'ZAP', 'type': 'stock'}, 'quantity': 59.2384}, {'asset': {'symbol': 'SLV', 'type': 'stock'}, 'quantity': 48.5709}]",-8.987492357737104e-05
2025-03-05 08:30:00-05:00,9903.883544027485,2254.4505341922336,"[{'asset': {'symbol': 'DFEN', 'type': 'stock'}, 'quantity': 35.4931}, {'asset': {'symbol': 'BTC-USD', 'type': 'stock'}, 'quantity': 0.01278934}, {'asset': {'symbol': 'SMH', 'type': 'stock'}, 'quantity': 5.6698}, {'asset': {'symbol': 'SPY', 'type': 'stock'}, 'quantity': 2.3106}, {'asset': {'symbol': 'ZAP', 'type': 'stock'}, 'quantity': 59.2384}, {'asset': {'symbol': 'SLV', 'type': 'stock'}, 'quantity': 48.5709}]",-0.03176632730724538
2025-03-05 09:30:00-05:00,9903.883544027485,2254.4505341922336,"[{'asset': {'symbol': 'DFEN', 'type': 'stock'}, 'quantity': 35.4931}, {'asset': {'symbol': 'BTC-USD', 'type': 'stock'}, 'quantity': 0.01278934}, {'asset': {'symbol': 'SMH', 'type': 'stock'}, 'quantity': 5.6698}, {'asset': {'symbol': 'SPY', 'type': 'stock'}, 'quantity': 2.3106}, {'asset': {'symbol': 'ZAP', 'type': 'stock'}, 'quantity': 59.2384}, {'asset': {'symbol': 'SLV', 'type': 'stock'}, 'quantity': 48.5709}]",0.0
2025-03-05 09:30:00-05:00,9903.883544027485,2254.4505341922336,"[{'asset': {'symbol': 'DFEN', 'type': 'stock'}, 'quantity': 35.4931}, {'asset': {'symbol': 'BTC-USD', 'type': 'stock'}, 'quantity': 0.01278934}, {'asset': {'symbol': 'SMH', 'type': 'stock'}, 'quantity': 5.6698}, {'asset': {'symbol': 'SPY', 'type': 'stock'}, 'quantity': 2.3106}, {'asset': {'symbol': 'ZAP', 'type': 'stock'}, 'quantity': 59.2384}, {'asset': {'symbol': 'SLV', 'type': 'stock'}, 'quantity': 48.5709}]",0.0
2025-03-05 16:00:00-05:00,9927.749477833679,1356.1372947633743,"[{'asset': {'symbol': 'DFEN', 'type': 'stock'}, 'quantity': 43.9966}, {'asset': {'symbol': 'BTC-USD', 'type': 'stock'}, 'quantity': 0.01060971}, {'asset': {'symbol': 'SMH', 'type': 'stock'}, 'quantity': 4.2156}, {'asset': {'symbol': 'SPY', 'type': 'stock'}, 'quantity': 1.6402}, {'asset': {'symbol': 'ZAP', 'type': 'stock'}, 'quantity': 59.2384}, {'asset': {'symbol': 'SLV', 'type': 'stock'}, 'quantity': 48.5709}, {'asset': {'symbol': 'GLD', 'type': 'stock'}, 'quantity': 5.818}]",0.0024097550925450406
2025-03-06 08:30:00-05:00,9890.110307939838,1356.1372947633743,"[{'asset': {'symbol': 'DFEN', 'type': 'stock'}, 'quantity': 43.9966}, {'asset': {'symbol': 'BTC-USD', 'type': 'stock'}, 'quantity': 0.01060971}, {'asset': {'symbol': 'SMH', 'type': 'stock'}, 'quantity': 4.2156}, {'asset': {'symbol': 'SPY', 'type': 'stock'}, 'quantity': 1.6402}, {'asset': {'symbol': 'ZAP', 'type': 'stock'}, 'quantity': 59.2384}, {'asset': {'symbol': 'SLV', 'type': 'stock'}, 'quantity': 48.5709}, {'asset': {'symbol': 'GLD', 'type': 'stock'}, 'quantity': 5.818}]",-0.003791309397752185
2025-03-06 09:30:00-05:00,9890.110307939838,1356.1372947633743,"[{'asset': {'symbol': 'DFEN', 'type': 'stock'}, 'quantity': 43.9966}, {'asset': {'symbol': 'BTC-USD', 'type': 'stock'}, 'quantity': 0.01060971}, {'asset': {'symbol': 'SMH', 'type': 'stock'}, 'quantity': 4.2156}, {'asset': {'symbol': 'SPY', 'type': 'stock'}, 'quantity': 1.6402}, {'asset': {'symbol': 'ZAP', 'type': 'stock'}, 'quantity': 59.2384}, {'asset': {'symbol': 'SLV', 'type': 'stock'}, 'quantity': 48.5709}, {'asset': {'symbol': 'GLD', 'type': 'stock'}, 'quantity': 5.818}]",0.0
2025-03-06 09:30:00-05:00,9890.110307939838,1356.1372947633743,"[{'asset': {'symbol': 'DFEN', 'type': 'stock'}, 'quantity': 43.9966}, {'asset': {'symbol': 'BTC-USD', 'type': 'stock'}, 'quantity': 0.01060971}, {'asset': {'symbol': 'SMH', 'type': 'stock'}, 'quantity': 4.2156}, {'asset': {'symbol': 'SPY', 'type': 'stock'}, 'quantity': 1.6402}, {'asset': {'symbol': 'ZAP', 'type': 'stock'}, 'quantity': 59.2384}, {'asset': {'symbol': 'SLV', 'type': 'stock'}, 'quantity': 48.5709}, {'asset': {'symbol': 'GLD', 'type': 'stock'}, 'quantity': 5.818}]",0.0
2025-03-06 16:00:00-05:00,9901.458341070102,1725.0528844530102,"[{'asset': {'symbol': 'DFEN', 'type': 'stock'}, 'quantity': 43.9966}, {'asset': {'symbol': 'BTC-USD', 'type': 'stock'}, 'quantity': 0.01060971}, {'asset': {'symbol': 'SMH', 'type': 'stock'}, 'quantity': 5.5505}, {'asset': {'symbol': 'SPY', 'type': 'stock'}, 'quantity': 2.1515}, {'asset': {'symbol': 'ZAP', 'type': 'stock'}, 'quantity': 59.2384}, {'asset': {'symbol': 'SLV', 'type': 'stock'}, 'quantity': 40.4942}, {'asset': {'symbol': 'GLD', 'type': 'stock'}, 'quantity': 3.1294}]",0.0011474121902517176
2025-03-07 08:30:00-05:00,9923.129747828883,1725.0528844530102,"[{'asset': {'symbol': 'DFEN', 'type': 'stock'}, 'quantity': 43.9966}, {'asset': {'symbol': 'BTC-USD', 'type': 'stock'}, 'quantity': 0.01060971}, {'asset': {'symbol': 'SMH', 'type': 'stock'}, 'quantity': 5.5505}, {'asset': {'symbol': 'SPY', 'type': 'stock'}, 'quantity': 2.1515}, {'asset': {'symbol': 'ZAP', 'type': 'stock'}, 'quantity': 59.2384}, {'asset': {'symbol': 'SLV', 'type': 'stock'}, 'quantity': 40.4942}, {'asset': {'symbol': 'GLD', 'type': 'stock'}, 'quantity': 3.1294}]",0.0021887085732503753
2025-03-07 09:30:00-05:00,9923.129747828883,1725.0528844530102,"[{'asset': {'symbol': 'DFEN', 'type': 'stock'}, 'quantity': 43.9966}, {'asset': {'symbol': 'BTC-USD', 'type': 'stock'}, 'quantity': 0.01060971}, {'asset': {'symbol': 'SMH', 'type': 'stock'}, 'quantity': 5.5505}, {'asset': {'symbol': 'SPY', 'type': 'stock'}, 'quantity': 2.1515}, {'asset': {'symbol': 'ZAP', 'type': 'stock'}, 'quantity': 59.2384}, {'asset': {'symbol': 'SLV', 'type': 'stock'}, 'quantity': 40.4942}, {'asset': {'symbol': 'GLD', 'type': 'stock'}, 'quantity': 3.1294}]",0.0
2025-03-07 09:30:00-05:00,9923.129747828883,1725.0528844530102,"[{'asset': {'symbol': 'DFEN', 'type': 'stock'}, 'quantity': 43.9966}, {'asset': {'symbol': 'BTC-USD', 'type': 'stock'}, 'quantity': 0.01060971}, {'asset': {'symbol': 'SMH', 'type': 'stock'}, 'quantity': 5.5505}, {'asset': {'symbol': 'SPY', 'type': 'stock'}, 'quantity': 2.1515}, {'asset': {'symbol': 'ZAP', 'type': 'stock'}, 'quantity': 59.2384}, {'asset': {'symbol': 'SLV', 'type': 'stock'}, 'quantity': 40.4942}, {'asset': {'symbol': 'GLD', 'type': 'stock'}, 'quantity': 3.1294}]",0.0
2025-03-07 16:00:00-05:00,9918.911515409412,2102.2486495186713,"[{'asset': {'symbol': 'DFEN', 'type': 'stock'}, 'quantity': 43.9966}, {'asset': {'symbol': 'BTC-USD', 'type': 'stock'}, 'quantity': 0.00709606}, {'asset': {'symbol': 'SMH', 'type': 'stock'}, 'quantity': 4.907}, {'asset': {'symbol': 'SPY', 'type': 'stock'}, 'quantity': 2.1515}, {'asset': {'symbol': 'ZAP', 'type': 'stock'}, 'quantity': 54.6779}, {'asset': {'symbol': 'SLV', 'type': 'stock'}, 'quantity': 36.6901}, {'asset': {'symbol': 'GLD', 'type': 'stock'}, 'quantity': 4.2558}]",-0.0004250909266195757
2025-03-10 08:30:00-04:00,9816.801134054502,691.9536895186714,"[{'asset': {'symbol': 'DFEN', 'type': 'stock'}, 'quantity': 43.9966}, {'asset': {'symbol': 'BTC-USD', 'type': 'stock'}, 'quantity': 0.00709606}, {'asset': {'symbol': 'SMH', 'type': 'stock'}, 'quantity': 4.907}, {'asset': {'symbol': 'SPY', 'type': 'stock'}, 'quantity': 2.1515}, {'asset': {'symbol': 'ZAP', 'type': 'stock'}, 'quantity': 54.6779}, {'asset': {'symbol': 'SLV', 'type': 'stock'}, 'quantity': 36.6901}, {'asset': {'symbol': 'GLD', 'type': 'stock'}, 'quantity': 9.5497}]",-0.010294514795930798
2025-03-10 09:30:00-04:00,9816.801134054502,691.9536895186714,"[{'asset': {'symbol': 'DFEN', 'type': 'stock'}, 'quantity': 43.9966}, {'asset': {'symbol': 'BTC-USD', 'type': 'stock'}, 'quantity': 0.00709606}, {'asset': {'symbol': 'SMH', 'type': 'stock'}, 'quantity': 4.907}, {'asset': {'symbol': 'SPY', 'type': 'stock'}, 'quantity': 2.1515}, {'asset': {'symbol': 'ZAP', 'type': 'stock'}, 'quantity': 54.6779}, {'asset': {'symbol': 'SLV', 'type': 'stock'}, 'quantity': 36.6901}, {'asset': {'symbol': 'GLD', 'type': 'stock'}, 'quantity': 9.5497}]",0.0
2025-03-10 09:30:00-04:00,9816.801134054502,691.9536895186714,"[{'asset': {'symbol': 'DFEN', 'type': 'stock'}, 'quantity': 43.9966}, {'asset': {'symbol': 'BTC-USD', 'type': 'stock'}, 'quantity': 0.00709606}, {'asset': {'symbol': 'SMH', 'type': 'stock'}, 'quantity': 4.907}, {'asset': {'symbol': 'SPY', 'type': 'stock'}, 'quantity': 2.1515}, {'asset': {'symbol': 'ZAP', 'type': 'stock'}, 'quantity': 54.6779}, {'asset': {'symbol': 'SLV', 'type': 'stock'}, 'quantity': 36.6901}, {'asset': {'symbol': 'GLD', 'type': 'stock'}, 'quantity': 9.5497}]",0.0
2025-03-10 16:00:00-04:00,9829.589688938726,2239.1226414091993,"[{'asset': {'symbol': 'DFEN', 'type': 'stock'}, 'quantity': 36.8904}, {'asset': {'symbol': 'BTC-USD', 'type': 'stock'}, 'quantity': 0.01107938}, {'asset': {'symbol': 'SMH', 'type': 'stock'}, 'quantity': 4.1964}, {'asset': {'symbol': 'SPY', 'type': 'stock'}, 'quantity': 2.1515}, {'asset': {'symbol': 'ZAP', 'type': 'stock'}, 'quantity': 54.6779}, {'asset': {'symbol': 'SLV', 'type': 'stock'}, 'quantity': 36.6901}, {'asset': {'symbol': 'GLD', 'type': 'stock'}, 'quantity': 3.9048}]",0.0013027211929415028
2025-03-11 08:30:00-04:00,9733.97081673419,2239.1226414091993,"[{'asset': {'symbol': 'DFEN', 'type': 'stock'}, 'quantity': 36.8904}, {'asset': {'symbol': 'BTC-USD', 'type': 'stock'}, 'quantity': 0.01107938}, {'asset': {'symbol': 'SMH', 'type': 'stock'}, 'quantity': 4.1964}, {'asset': {'symbol': 'SPY', 'type': 'stock'}, 'quantity': 2.1515}, {'asset': {'symbol': 'ZAP', 'type': 'stock'}, 'quantity': 54.6779}, {'asset': {'symbol': 'SLV', 'type': 'stock'}, 'quantity': 36.6901}, {'asset': {'symbol': 'GLD', 'type': 'stock'}, 'quantity': 3.9048}]",-0.009727656517762417
2025-03-11 09:30:00-04:00,9733.97081673419,2239.1226414091993,"[{'asset': {'symbol': 'DFEN', 'type': 'stock'}, 'quantity': 36.8904}, {'asset': {'symbol': 'BTC-USD', 'type': 'stock'}, 'quantity': 0.01107938}, {'asset': {'symbol': 'SMH', 'type': 'stock'}, 'quantity': 4.1964}, {'asset': {'symbol': 'SPY', 'type': 'stock'}, 'quantity': 2.1515}, {'asset': {'symbol': 'ZAP', 'type': 'stock'}, 'quantity': 54.6779}, {'asset': {'symbol': 'SLV', 'type': 'stock'}, 'quantity': 36.6901}, {'asset': {'symbol': 'GLD', 'type': 'stock'}, 'quantity': 3.9048}]",0.0
2025-03-11 09:30:00-04:00,9733.97081673419,2239.1226414091993,"[{'asset': {'symbol': 'DFEN', 'type': 'stock'}, 'quantity': 36.8904}, {'asset': {'symbol': 'BTC-USD', 'type': 'stock'}, 'quantity': 0.01107938}, {'asset': {'symbol': 'SMH', 'type': 'stock'}, 'quantity': 4.1964}, {'asset': {'symbol': 'SPY', 'type': 'stock'}, 'quantity': 2.1515}, {'asset': {'symbol': 'ZAP', 'type': 'stock'}, 'quantity': 54.6779}, {'asset': {'symbol': 'SLV', 'type': 'stock'}, 'quantity': 36.6901}, {'asset': {'symbol': 'GLD', 'type': 'stock'}, 'quantity': 3.9048}]",0.0
2025-03-11 16:00:00-04:00,9736.645972563047,2838.546618981068,"[{'asset': {'symbol': 'DFEN', 'type': 'stock'}, 'quantity': 31.1135}, {'asset': {'symbol': 'BTC-USD', 'type': 'stock'}, 'quantity': 0.01107938}, {'asset': {'symbol': 'SMH', 'type': 'stock'}, 'quantity': 4.1964}, {'asset': {'symbol': 'SPY', 'type': 'stock'}, 'quantity': 2.1515}, {'asset': {'symbol': 'ZAP', 'type': 'stock'}, 'quantity': 46.1558}, {'asset': {'symbol': 'SLV', 'type': 'stock'}, 'quantity': 36.6901}, {'asset': {'symbol': 'GLD', 'type': 'stock'}, 'quantity': 3.0346}]",0.00027482677719326
2025-03-12 08:30:00-04:00,9691.914064525783,2838.546618981068,"[{'asset': {'symbol': 'DFEN', 'type': 'stock'}, 'quantity': 31.1135}, {'asset': {'symbol': 'BTC-USD', 'type': 'stock'}, 'quantity': 0.01107938}, {'asset': {'symbol': 'SMH', 'type': 'stock'}, 'quantity': 4.1964}, {'asset': {'symbol': 'SPY', 'type': 'stock'}, 'quantity': 2.1515}, {'asset': {'symbol': 'ZAP', 'type': 'stock'}, 'quantity': 46.1558}, {'asset': {'symbol': 'SLV', 'type': 'stock'}, 'quantity': 36.6901}, {'asset': {'symbol': 'GLD', 'type': 'stock'}, 'quantity': 3.0346}]",-0.004594180394697944
2025-03-12 09:30:00-04:00,9691.914064525783,2838.546618981068,"[{'asset': {'symbol': 'DFEN', 'type': 'stock'}, 'quantity': 31.1135}, {'asset': {'symbol': 'BTC-USD', 'type': 'stock'}, 'quantity': 0.01107938}, {'asset': {'symbol': 'SMH', 'type': 'stock'}, 'quantity': 4.1964}, {'asset': {'symbol': 'SPY', 'type': 'stock'}, 'quantity': 2.1515}, {'asset': {'symbol': 'ZAP', 'type': 'stock'}, 'quantity': 46.1558}, {'asset': {'symbol': 'SLV', 'type': 'stock'}, 'quantity': 36.6901}, {'asset': {'symbol': 'GLD', 'type': 'stock'}, 'quantity': 3.0346}]",0.0
2025-03-12 09:30:00-04:00,9691.914064525783,2838.546618981068,"[{'asset': {'symbol': 'DFEN', 'type': 'stock'}, 'quantity': 31.1135}, {'asset': {'symbol': 'BTC-USD', 'type': 'stock'}, 'quantity': 0.01107938}, {'asset': {'symbol': 'SMH', 'type': 'stock'}, 'quantity': 4.1964}, {'asset': {'symbol': 'SPY', 'type': 'stock'}, 'quantity': 2.1515}, {'asset': {'symbol': 'ZAP', 'type': 'stock'}, 'quantity': 46.1558}, {'asset': {'symbol': 'SLV', 'type': 'stock'}, 'quantity': 36.6901}, {'asset': {'symbol': 'GLD', 'type': 'stock'}, 'quantity': 3.0346}]",0.0
2025-03-12 16:00:00-04:00,9710.974907886024,3105.7110296363253,"[{'asset': {'symbol': 'DFEN', 'type': 'stock'}, 'quantity': 31.1135}, {'asset': {'symbol': 'BTC-USD', 'type': 'stock'}, 'quantity': 0.00710074}, {'asset': {'symbol': 'SMH', 'type': 'stock'}, 'quantity': 4.1964}, {'asset': {'symbol': 'SPY', 'type': 'stock'}, 'quantity': 1.4106}, {'asset': {'symbol': 'ZAP', 'type': 'stock'}, 'quantity': 50.8128}, {'asset': {'symbol': 'SLV', 'type': 'stock'}, 'quantity': 36.6901}, {'asset': {'symbol': 'GLD', 'type': 'stock'}, 'quantity': 4.3992}]",0.0019666748212314733
2025-03-13 08:30:00-04:00,9822.750550777175,3105.7110296363253,"[{'asset': {'symbol': 'DFEN', 'type': 'stock'}, 'quantity': 31.1135}, {'asset': {'symbol': 'BTC-USD', 'type': 'stock'}, 'quantity': 0.00710074}, {'asset': {'symbol': 'SMH', 'type': 'stock'}, 'quantity': 4.1964}, {'asset': {'symbol': 'SPY', 'type': 'stock'}, 'quantity': 1.4106}, {'asset': {'symbol': 'ZAP', 'type': 'stock'}, 'quantity': 50.8128}, {'asset': {'symbol': 'SLV', 'type': 'stock'}, 'quantity': 36.6901}, {'asset': {'symbol': 'GLD', 'type': 'stock'}, 'quantity': 4.3992}]",0.011510239080154694
2025-03-13 09:30:00-04:00,9822.750550777175,3105.7110296363253,"[{'asset': {'symbol': 'DFEN', 'type': 'stock'}, 'quantity': 31.1135}, {'asset': {'symbol': 'BTC-USD', 'type': 'stock'}, 'quantity': 0.00710074}, {'asset': {'symbol': 'SMH', 'type': 'stock'}, 'quantity': 4.1964}, {'asset': {'symbol': 'SPY', 'type': 'stock'}, 'quantity': 1.4106}, {'asset': {'symbol': 'ZAP', 'type': 'stock'}, 'quantity': 50.8128}, {'asset': {'symbol': 'SLV', 'type': 'stock'}, 'quantity': 36.6901}, {'asset': {'symbol': 'GLD', 'type': 'stock'}, 'quantity': 4.3992}]",0.0
2025-03-13 09:30:00-04:00,9822.750550777175,3105.7110296363253,"[{'asset': {'symbol': 'DFEN', 'type': 'stock'}, 'quantity': 31.1135}, {'asset': {'symbol': 'BTC-USD', 'type': 'stock'}, 'quantity': 0.00710074}, {'asset': {'symbol': 'SMH', 'type': 'stock'}, 'quantity': 4.1964}, {'asset': {'symbol': 'SPY', 'type': 'stock'}, 'quantity': 1.4106}, {'asset': {'symbol': 'ZAP', 'type': 'stock'}, 'quantity': 50.8128}, {'asset': {'symbol': 'SLV', 'type': 'stock'}, 'quantity': 36.6901}, {'asset': {'symbol': 'GLD', 'type': 'stock'}, 'quantity': 4.3992}]",0.0
2025-03-13 16:00:00-04:00,9823.19448678792,3111.1111083411597,"[{'asset': {'symbol': 'DFEN', 'type': 'stock'}, 'quantity': 31.1135}, {'asset': {'symbol': 'BTC-USD', 'type': 'stock'}, 'quantity': 0.00710074}, {'asset': {'symbol': 'SMH', 'type': 'stock'}, 'quantity': 4.1964}, {'asset': {'symbol': 'SPY', 'type': 'stock'}, 'quantity': 1.6338}, {'asset': {'symbol': 'ZAP', 'type': 'stock'}, 'quantity': 45.4208}, {'asset': {'symbol': 'SLV', 'type': 'stock'}, 'quantity': 36.6901}, {'asset': {'symbol': 'GLD', 'type': 'stock'}, 'quantity': 4.3992}]",4.5194674185067285e-05
2025-03-14 08:30:00-04:00,9844.651412390363,3514.3534343411598,"[{'asset': {'symbol': 'DFEN', 'type': 'stock'}, 'quantity': 26.7627}, {'asset': {'symbol': 'BTC-USD', 'type': 'stock'}, 'quantity': 0.00710074}, {'asset': {'symbol': 'SMH', 'type': 'stock'}, 'quantity': 4.1964}, {'asset': {'symbol': 'SPY', 'type': 'stock'}, 'quantity': 1.6338}, {'asset': {'symbol': 'ZAP', 'type': 'stock'}, 'quantity': 34.246500000000005}, {'asset': {'symbol': 'SLV', 'type': 'stock'}, 'quantity': 36.6901}, {'asset': {'symbol': 'GLD', 'type': 'stock'}, 'quantity': 4.3992}]",0.0021843124078733123
2025-03-14 09:30:00-04:00,9844.651412390363,3514.3534343411598,"[{'asset': {'symbol': 'DFEN', 'type': 'stock'}, 'quantity': 26.7627}, {'asset': {'symbol': 'BTC-USD', 'type': 'stock'}, 'quantity': 0.00710074}, {'asset': {'symbol': 'SMH', 'type': 'stock'}, 'quantity': 4.1964}, {'asset': {'symbol': 'SPY', 'type': 'stock'}, 'quantity': 1.6338}, {'asset': {'symbol': 'ZAP', 'type': 'stock'}, 'quantity': 34.246500000000005}, {'asset': {'symbol': 'SLV', 'type': 'stock'}, 'quantity': 36.6901}, {'asset': {'symbol': 'GLD', 'type': 'stock'}, 'quantity': 4.3992}]",0.0
2025-03-14 09:30:00-04:00,9844.651412390363,3514.3534343411598,"[{'asset': {'symbol': 'DFEN', 'type': 'stock'}, 'quantity': 26.7627}, {'asset': {'symbol': 'BTC-USD', 'type': 'stock'}, 'quantity': 0.00710074}, {'asset': {'symbol': 'SMH', 'type': 'stock'}, 'quantity': 4.1964}, {'asset': {'symbol': 'SPY', 'type': 'stock'}, 'quantity': 1.6338}, {'asset': {'symbol': 'ZAP', 'type': 'stock'}, 'quantity': 34.246500000000005}, {'asset': {'symbol': 'SLV', 'type': 'stock'}, 'quantity': 36.6901}, {'asset': {'symbol': 'GLD', 'type': 'stock'}, 'quantity': 4.3992}]",0.0
2025-03-14 16:00:00-04:00,9849.048025921598,3348.469507417148,"[{'asset': {'symbol': 'DFEN', 'type': 'stock'}, 'quantity': 36.151}, {'asset': {'symbol': 'BTC-USD', 'type': 'stock'}, 'quantity': 0.00710074}, {'asset': {'symbol': 'SMH', 'type': 'stock'}, 'quantity': 4.1964}, {'asset': {'symbol': 'SPY', 'type': 'stock'}, 'quantity': 1.8517}, {'asset': {'symbol': 'ZAP', 'type': 'stock'}, 'quantity': 34.246500000000005}, {'asset': {'symbol': 'SLV', 'type': 'stock'}, 'quantity': 29.3769}, {'asset': {'symbol': 'GLD', 'type': 'stock'}, 'quantity': 4.3992}]",0.0004465992087543391
2025-03-17 08:30:00-04:00,9920.825693218085,3596.338282417148,"[{'asset': {'symbol': 'DFEN', 'type': 'stock'}, 'quantity': 36.151}, {'asset': {'symbol': 'BTC-USD', 'type': 'stock'}, 'quantity': 0.00710074}, {'asset': {'symbol': 'SMH', 'type': 'stock'}, 'quantity': 4.1964}, {'asset': {'symbol': 'SPY', 'type': 'stock'}, 'quantity': 1.4127999999999998}, {'asset': {'symbol': 'ZAP', 'type': 'stock'}, 'quantity': 34.246500000000005}, {'asset': {'symbol': 'SLV', 'type': 'stock'}, 'quantity': 29.3769}, {'asset': {'symbol': 'GLD', 'type': 'stock'}, 'quantity': 4.3992}]",0.00728777716461293
2025-03-17 09:30:00-04:00,9920.825693218085,3596.338282417148,"[{'asset': {'symbol': 'DFEN', 'type': 'stock'}, 'quantity': 36.151}, {'asset': {'symbol': 'BTC-USD', 'type': 'stock'}, 'quantity': 0.00710074}, {'asset': {'symbol': 'SMH', 'type': 'stock'}, 'quantity': 4.1964}, {'asset': {'symbol': 'SPY', 'type': 'stock'}, 'quantity': 1.4127999999999998}, {'asset': {'symbol': 'ZAP', 'type': 'stock'}, 'quantity': 34.246500000000005}, {'asset': {'symbol': 'SLV', 'type': 'stock'}, 'quantity': 29.3769}, {'asset': {'symbol': 'GLD', 'type': 'stock'}, 'quantity': 4.3992}]",0.0
2025-03-17 09:30:00-04:00,9920.825693218085,3596.338282417148,"[{'asset': {'symbol': 'DFEN', 'type': 'stock'}, 'quantity': 36.151}, {'asset': {'symbol': 'BTC-USD', 'type': 'stock'}, 'quantity': 0.00710074}, {'asset': {'symbol': 'SMH', 'type': 'stock'}, 'quantity': 4.1964}, {'asset': {'symbol': 'SPY', 'type': 'stock'}, 'quantity': 1.4127999999999998}, {'asset': {'symbol': 'ZAP', 'type': 'stock'}, 'quantity': 34.246500000000005}, {'asset': {'symbol': 'SLV', 'type': 'stock'}, 'quantity': 29.3769}, {'asset': {'symbol': 'GLD', 'type': 'stock'}, 'quantity': 4.3992}]",0.0
2025-03-17 16:00:00-04:00,9927.903448172567,4708.801874267612,"[{'asset': {'symbol': 'DFEN', 'type': 'stock'}, 'quantity': 36.151}, {'asset': {'symbol': 'BTC-USD', 'type': 'stock'}, 'quantity': 0.00846524}, {'asset': {'symbol': 'SMH', 'type': 'stock'}, 'quantity': 4.1964}, {'asset': {'symbol': 'SPY', 'type': 'stock'}, 'quantity': 1.4127999999999998}, {'asset': {'symbol': 'ZAP', 'type': 'stock'}, 'quantity': 15.9115}, {'asset': {'symbol': 'SLV', 'type': 'stock'}, 'quantity': 17.8938}, {'asset': {'symbol': 'GLD', 'type': 'stock'}, 'quantity': 2.8724}]",0.0007134239803567866
2025-03-18 08:30:00-04:00,9957.249008564784,4349.694768267612,"[{'asset': {'symbol': 'DFEN', 'type': 'stock'}, 'quantity': 36.151}, {'asset': {'symbol': 'BTC-USD', 'type': 'stock'}, 'quantity': 0.00846524}, {'asset': {'symbol': 'SMH', 'type': 'stock'}, 'quantity': 5.7962}, {'asset': {'symbol': 'SPY', 'type': 'stock'}, 'quantity': 1.4127999999999998}, {'asset': {'symbol': 'ZAP', 'type': 'stock'}, 'quantity': 15.9115}, {'asset': {'symbol': 'SLV', 'type': 'stock'}, 'quantity': 17.8938}, {'asset': {'symbol': 'GLD', 'type': 'stock'}, 'quantity': 2.8724}]",0.002955866819758235
2025-03-18 09:30:00-04:00,9957.249008564784,4349.694768267612,"[{'asset': {'symbol': 'DFEN', 'type': 'stock'}, 'quantity': 36.151}, {'asset': {'symbol': 'BTC-USD', 'type': 'stock'}, 'quantity': 0.00846524}, {'asset': {'symbol': 'SMH', 'type': 'stock'}, 'quantity': 5.7962}, {'asset': {'symbol': 'SPY', 'type': 'stock'}, 'quantity': 1.4127999999999998}, {'asset': {'symbol': 'ZAP', 'type': 'stock'}, 'quantity': 15.9115}, {'asset': {'symbol': 'SLV', 'type': 'stock'}, 'quantity': 17.8938}, {'asset': {'symbol': 'GLD', 'type': 'stock'}, 'quantity': 2.8724}]",0.0
2025-03-18 09:30:00-04:00,9957.249008564784,4349.694768267612,"[{'asset': {'symbol': 'DFEN', 'type': 'stock'}, 'quantity': 36.151}, {'asset': {'symbol': 'BTC-USD', 'type': 'stock'}, 'quantity': 0.00846524}, {'asset': {'symbol': 'SMH', 'type': 'stock'}, 'quantity': 5.7962}, {'asset': {'symbol': 'SPY', 'type': 'stock'}, 'quantity': 1.4127999999999998}, {'asset': {'symbol': 'ZAP', 'type': 'stock'}, 'quantity': 15.9115}, {'asset': {'symbol': 'SLV', 'type': 'stock'}, 'quantity': 17.8938}, {'asset': {'symbol': 'GLD', 'type': 'stock'}, 'quantity': 2.8724}]",0.0
2025-03-18 16:00:00-04:00,9959.882603627231,3993.3730789176734,"[{'asset': {'symbol': 'DFEN', 'type': 'stock'}, 'quantity': 36.151}, {'asset': {'symbol': 'BTC-USD', 'type': 'stock'}, 'quantity': 0.00846524}, {'asset': {'symbol': 'SMH', 'type': 'stock'}, 'quantity': 5.7962}, {'asset': {'symbol': 'SPY', 'type': 'stock'}, 'quantity': 1.9091}, {'asset': {'symbol': 'ZAP', 'type': 'stock'}, 'quantity': 25.2396}, {'asset': {'symbol': 'SLV', 'type': 'stock'}, 'quantity': 12.9654}, {'asset': {'symbol': 'GLD', 'type': 'stock'}, 'quantity': 2.8724}]",0.0002644902281927486
2025-03-19 08:30:00-04:00,10038.71856976237,3993.3730789176734,"[{'asset': {'symbol': 'DFEN', 'type': 'stock'}, 'quantity': 36.151}, {'asset': {'symbol': 'BTC-USD', 'type': 'stock'}, 'quantity': 0.00846524}, {'asset': {'symbol': 'SMH', 'type': 'stock'}, 'quantity': 5.7962}, {'asset': {'symbol': 'SPY', 'type': 'stock'}, 'quantity': 1.9091}, {'asset': {'symbol': 'ZAP', 'type': 'stock'}, 'quantity': 25.2396}, {'asset': {'symbol': 'SLV', 'type': 'stock'}, 'quantity': 12.9654}, {'asset': {'symbol': 'GLD', 'type': 'stock'}, 'quantity': 2.8724}]",0.007915350940625343
2025-03-19 09:30:00-04:00,10038.71856976237,3993.3730789176734,"[{'asset': {'symbol': 'DFEN', 'type': 'stock'}, 'quantity': 36.151}, {'asset': {'symbol': 'BTC-USD', 'type': 'stock'}, 'quantity': 0.00846524}, {'asset': {'symbol': 'SMH', 'type': 'stock'}, 'quantity': 5.7962}, {'asset': {'symbol': 'SPY', 'type': 'stock'}, 'quantity': 1.9091}, {'asset': {'symbol': 'ZAP', 'type': 'stock'}, 'quantity': 25.2396}, {'asset': {'symbol': 'SLV', 'type': 'stock'}, 'quantity': 12.9654}, {'asset': {'symbol': 'GLD', 'type': 'stock'}, 'quantity': 2.8724}]",0.0
2025-03-19 09:30:00-04:00,10038.71856976237,3993.3730789176734,"[{'asset': {'symbol': 'DFEN', 'type': 'stock'}, 'quantity': 36.151}, {'asset': {'symbol': 'BTC-USD', 'type': 'stock'}, 'quantity': 0.00846524}, {'asset': {'symbol': 'SMH', 'type': 'stock'}, 'quantity': 5.7962}, {'asset': {'symbol': 'SPY', 'type': 'stock'}, 'quantity': 1.9091}, {'asset': {'symbol': 'ZAP', 'type': 'stock'}, 'quantity': 25.2396}, {'asset': {'symbol': 'SLV', 'type': 'stock'}, 'quantity': 12.9654}, {'asset': {'symbol': 'GLD', 'type': 'stock'}, 'quantity': 2.8724}]",0.0
2025-03-19 16:00:00-04:00,10042.561678882548,4136.54461769636,"[{'asset': {'symbol': 'DFEN', 'type': 'stock'}, 'quantity': 36.151}, {'asset': {'symbol': 'BTC-USD', 'type': 'stock'}, 'quantity': 0.00846524}, {'asset': {'symbol': 'SMH', 'type': 'stock'}, 'quantity': 4.3574}, {'asset': {'symbol': 'SPY', 'type': 'stock'}, 'quantity': 1.2344}, {'asset': {'symbol': 'ZAP', 'type': 'stock'}, 'quantity': 11.3448}, {'asset': {'symbol': 'SLV', 'type': 'stock'}, 'quantity': 27.9706}, {'asset': {'symbol': 'GLD', 'type': 'stock'}, 'quantity': 4.454}]",0.00038282865422223367
2025-03-20 08:30:00-04:00,10035.600567102947,4136.54461769636,"[{'asset': {'symbol': 'DFEN', 'type': 'stock'}, 'quantity': 36.151}, {'asset': {'symbol': 'BTC-USD', 'type': 'stock'}, 'quantity': 0.00846524}, {'asset': {'symbol': 'SMH', 'type': 'stock'}, 'quantity': 4.3574}, {'asset': {'symbol': 'SPY', 'type': 'stock'}, 'quantity': 1.2344}, {'asset': {'symbol': 'ZAP', 'type': 'stock'}, 'quantity': 11.3448}, {'asset': {'symbol': 'SLV', 'type': 'stock'}, 'quantity': 27.9706}, {'asset': {'symbol': 'GLD', 'type': 'stock'}, 'quantity': 4.454}]",-0.0006931609685045803
2025-03-20 09:30:00-04:00,10035.600567102947,4136.54461769636,"[{'asset': {'symbol': 'DFEN', 'type': 'stock'}, 'quantity': 36.151}, {'asset': {'symbol': 'BTC-USD', 'type': 'stock'}, 'quantity': 0.00846524}, {'asset': {'symbol': 'SMH', 'type': 'stock'}, 'quantity': 4.3574}, {'asset': {'symbol': 'SPY', 'type': 'stock'}, 'quantity': 1.2344}, {'asset': {'symbol': 'ZAP', 'type': 'stock'}, 'quantity': 11.3448}, {'asset': {'symbol': 'SLV', 'type': 'stock'}, 'quantity': 27.9706}, {'asset': {'symbol': 'GLD', 'type': 'stock'}, 'quantity': 4.454}]",0.0
2025-03-20 09:30:00-04:00,10035.600567102947,4136.54461769636,"[{'asset': {'symbol': 'DFEN', 'type': 'stock'}, 'quantity': 36.151}, {'asset': {'symbol': 'BTC-USD', 'type': 'stock'}, 'quantity': 0.00846524}, {'asset': {'symbol': 'SMH', 'type': 'stock'}, 'quantity': 4.3574}, {'asset': {'symbol': 'SPY', 'type': 'stock'}, 'quantity': 1.2344}, {'asset': {'symbol': 'ZAP', 'type': 'stock'}, 'quantity': 11.3448}, {'asset': {'symbol': 'SLV', 'type': 'stock'}, 'quantity': 27.9706}, {'asset': {'symbol': 'GLD', 'type': 'stock'}, 'quantity': 4.454}]",0.0
2025-03-20 16:00:00-04:00,10041.459424731016,4339.033483086574,"[{'asset': {'symbol': 'DFEN', 'type': 'stock'}, 'quantity': 24.5366}, {'asset': {'symbol': 'BTC-USD', 'type': 'stock'}, 'quantity': 0.00846524}, {'asset': {'symbol': 'SMH', 'type': 'stock'}, 'quantity': 6.8983}, {'asset': {'symbol': 'SPY', 'type': 'stock'}, 'quantity': 1.2344}, {'asset': {'symbol': 'ZAP', 'type': 'stock'}, 'quantity': 44.8891}, {'asset': {'symbol': 'SLV', 'type': 'stock'}, 'quantity': 8.982}, {'asset': {'symbol': 'GLD', 'type': 'stock'}, 'quantity': 2.143}]",0.0005838073754425022
2025-03-21 08:30:00-04:00,10103.925493871553,3930.548827086574,"[{'asset': {'symbol': 'DFEN', 'type': 'stock'}, 'quantity': 24.5366}, {'asset': {'symbol': 'BTC-USD', 'type': 'stock'}, 'quantity': 0.00846524}, {'asset': {'symbol': 'SMH', 'type': 'stock'}, 'quantity': 7.4033}, {'asset': {'symbol': 'SPY', 'type': 'stock'}, 'quantity': 1.7648000000000001}, {'asset': {'symbol': 'ZAP', 'type': 'stock'}, 'quantity': 44.8891}, {'asset': {'symbol': 'SLV', 'type': 'stock'}, 'quantity': 8.982}, {'asset': {'symbol': 'GLD', 'type': 'stock'}, 'quantity': 2.143}]",0.006220815769736543
2025-03-21 09:30:00-04:00,10103.925493871553,3930.548827086574,"[{'asset': {'symbol': 'DFEN', 'type': 'stock'}, 'quantity': 24.5366}, {'asset': {'symbol': 'BTC-USD', 'type': 'stock'}, 'quantity': 0.00846524}, {'asset': {'symbol': 'SMH', 'type': 'stock'}, 'quantity': 7.4033}, {'asset': {'symbol': 'SPY', 'type': 'stock'}, 'quantity': 1.7648000000000001}, {'asset': {'symbol': 'ZAP', 'type': 'stock'}, 'quantity': 44.8891}, {'asset': {'symbol': 'SLV', 'type': 'stock'}, 'quantity': 8.982}, {'asset': {'symbol': 'GLD', 'type': 'stock'}, 'quantity': 2.143}]",0.0
2025-03-21 09:30:00-04:00,10103.925493871553,3930.548827086574,"[{'asset': {'symbol': 'DFEN', 'type': 'stock'}, 'quantity': 24.5366}, {'asset': {'symbol': 'BTC-USD', 'type': 'stock'}, 'quantity': 0.00846524}, {'asset': {'symbol': 'SMH', 'type': 'stock'}, 'quantity': 7.4033}, {'asset': {'symbol': 'SPY', 'type': 'stock'}, 'quantity': 1.7648000000000001}, {'asset': {'symbol': 'ZAP', 'type': 'stock'}, 'quantity': 44.8891}, {'asset': {'symbol': 'SLV', 'type': 'stock'}, 'quantity': 8.982}, {'asset': {'symbol': 'GLD', 'type': 'stock'}, 'quantity': 2.143}]",0.0
2025-03-21 16:00:00-04:00,10103.643273379465,3989.4762029724307,"[{'asset': {'symbol': 'DFEN', 'type': 'stock'}, 'quantity': 24.5366}, {'asset': {'symbol': 'BTC-USD', 'type': 'stock'}, 'quantity': 0.00846524}, {'asset': {'symbol': 'SMH', 'type': 'stock'}, 'quantity': 4.8145}, {'asset': {'symbol': 'SPY', 'type': 'stock'}, 'quantity': 2.1904}, {'asset': {'symbol': 'ZAP', 'type': 'stock'}, 'quantity': 56.3822}, {'asset': {'symbol': 'SLV', 'type': 'stock'}, 'quantity': 8.982}, {'asset': {'symbol': 'GLD', 'type': 'stock'}, 'quantity': 2.143}]",-2.7931766941491354e-05
2025-03-24 08:30:00-04:00,10048.520378411746,4353.673100534831,"[{'asset': {'symbol': 'DFEN', 'type': 'stock'}, 'quantity': 24.5366}, {'asset': {'symbol': 'BTC-USD', 'type': 'stock'}, 'quantity': 0.00425188}, {'asset': {'symbol': 'SMH', 'type': 'stock'}, 'quantity': 4.8145}, {'asset': {'symbol': 'SPY', 'type': 'stock'}, 'quantity': 2.1904}, {'asset': {'symbol': 'ZAP', 'type': 'stock'}, 'quantity': 56.3822}, {'asset': {'symbol': 'SLV', 'type': 'stock'}, 'quantity': 8.982}, {'asset': {'symbol': 'GLD', 'type': 'stock'}, 'quantity': 2.143}]",-0.005455744376184901
2025-03-24 09:30:00-04:00,10048.520378411746,4353.673100534831,"[{'asset': {'symbol': 'DFEN', 'type': 'stock'}, 'quantity': 24.5366}, {'asset': {'symbol': 'BTC-USD', 'type': 'stock'}, 'quantity': 0.00425188}, {'asset': {'symbol': 'SMH', 'type': 'stock'}, 'quantity': 4.8145}, {'asset': {'symbol': 'SPY', 'type': 'stock'}, 'quantity': 2.1904}, {'asset': {'symbol': 'ZAP', 'type': 'stock'}, 'quantity': 56.3822}, {'asset': {'symbol': 'SLV', 'type': 'stock'}, 'quantity': 8.982}, {'asset': {'symbol': 'GLD', 'type': 'stock'}, 'quantity': 2.143}]",0.0
2025-03-24 09:30:00-04:00,10048.520378411746,4353.673100534831,"[{'asset': {'symbol': 'DFEN', 'type': 'stock'}, 'quantity': 24.5366}, {'asset': {'symbol': 'BTC-USD', 'type': 'stock'}, 'quantity': 0.00425188}, {'asset': {'symbol': 'SMH', 'type': 'stock'}, 'quantity': 4.8145}, {'asset': {'symbol': 'SPY', 'type': 'stock'}, 'quantity': 2.1904}, {'asset': {'symbol': 'ZAP', 'type': 'stock'}, 'quantity': 56.3822}, {'asset': {'symbol': 'SLV', 'type': 'stock'}, 'quantity': 8.982}, {'asset': {'symbol': 'GLD', 'type': 'stock'}, 'quantity': 2.143}]",0.0
2025-03-24 16:00:00-04:00,10085.074864635924,4477.763278207219,"[{'asset': {'symbol': 'DFEN', 'type': 'stock'}, 'quantity': 24.5366}, {'asset': {'symbol': 'BTC-USD', 'type': 'stock'}, 'quantity': 0.00425188}, {'asset': {'symbol': 'SMH', 'type': 'stock'}, 'quantity': 4.8145}, {'asset': {'symbol': 'SPY', 'type': 'stock'}, 'quantity': 0.8109999999999999}, {'asset': {'symbol': 'ZAP', 'type': 'stock'}, 'quantity': 7.7134}, {'asset': {'symbol': 'SLV', 'type': 'stock'}, 'quantity': 52.7381}, {'asset': {'symbol': 'GLD', 'type': 'stock'}, 'quantity': 4.1479}]",0.0036377978893999963
2025-03-25 08:30:00-04:00,10154.004389877517,4477.763278207219,"[{'asset': {'symbol': 'DFEN', 'type': 'stock'}, 'quantity': 24.5366}, {'asset': {'symbol': 'BTC-USD', 'type': 'stock'}, 'quantity': 0.00425188}, {'asset': {'symbol': 'SMH', 'type': 'stock'}, 'quantity': 4.8145}, {'asset': {'symbol': 'SPY', 'type': 'stock'}, 'quantity': 0.8109999999999999}, {'asset': {'symbol': 'ZAP', 'type': 'stock'}, 'quantity': 7.7134}, {'asset': {'symbol': 'SLV', 'type': 'stock'}, 'quantity': 52.7381}, {'asset': {'symbol': 'GLD', 'type': 'stock'}, 'quantity': 4.1479}]",0.006834805508811659
2025-03-25 09:30:00-04:00,10154.004389877517,4477.763278207219,"[{'asset': {'symbol': 'DFEN', 'type': 'stock'}, 'quantity': 24.5366}, {'asset': {'symbol': 'BTC-USD', 'type': 'stock'}, 'quantity': 0.00425188}, {'asset': {'symbol': 'SMH', 'type': 'stock'}, 'quantity': 4.8145}, {'asset': {'symbol': 'SPY', 'type': 'stock'}, 'quantity': 0.8109999999999999}, {'asset': {'symbol': 'ZAP', 'type': 'stock'}, 'quantity': 7.7134}, {'asset': {'symbol': 'SLV', 'type': 'stock'}, 'quantity': 52.7381}, {'asset': {'symbol': 'GLD', 'type': 'stock'}, 'quantity': 4.1479}]",0.0
2025-03-25 09:30:00-04:00,10154.004389877517,4477.763278207219,"[{'asset': {'symbol': 'DFEN', 'type': 'stock'}, 'quantity': 24.5366}, {'asset': {'symbol': 'BTC-USD', 'type': 'stock'}, 'quantity': 0.00425188}, {'asset': {'symbol': 'SMH', 'type': 'stock'}, 'quantity': 4.8145}, {'asset': {'symbol': 'SPY', 'type': 'stock'}, 'quantity': 0.8109999999999999}, {'asset': {'symbol': 'ZAP', 'type': 'stock'}, 'quantity': 7.7134}, {'asset': {'symbol': 'SLV', 'type': 'stock'}, 'quantity': 52.7381}, {'asset': {'symbol': 'GLD', 'type': 'stock'}, 'quantity': 4.1479}]",0.0
2025-03-25 16:00:00-04:00,10157.825333991912,4664.2485138156,"[{'asset': {'symbol': 'DFEN', 'type': 'stock'}, 'quantity': 24.5366}, {'asset': {'symbol': 'BTC-USD', 'type': 'stock'}, 'quantity': 0.00876207}, {'asset': {'symbol': 'SMH', 'type': 'stock'}, 'quantity': 3.6856}, {'asset': {'symbol': 'SPY', 'type': 'stock'}, 'quantity': 0.8109999999999999}, {'asset': {'symbol': 'ZAP', 'type': 'stock'}, 'quantity': 7.7134}, {'asset': {'symbol': 'SLV', 'type': 'stock'}, 'quantity': 42.3791}, {'asset': {'symbol': 'GLD', 'type': 'stock'}, 'quantity': 4.1479}]",0.0003762992379838792
2025-03-26 08:30:00-04:00,10223.21065397013,4664.2485138156,"[{'asset': {'symbol': 'DFEN', 'type': 'stock'}, 'quantity': 24.5366}, {'asset': {'symbol': 'BTC-USD', 'type': 'stock'}, 'quantity': 0.00876207}, {'asset': {'symbol': 'SMH', 'type': 'stock'}, 'quantity': 3.6856}, {'asset': {'symbol': 'SPY', 'type': 'stock'}, 'quantity': 0.8109999999999999}, {'asset': {'symbol': 'ZAP', 'type': 'stock'}, 'quantity': 7.7134}, {'asset': {'symbol': 'SLV', 'type': 'stock'}, 'quantity': 42.3791}, {'asset': {'symbol': 'GLD', 'type': 'stock'}, 'quantity': 4.1479}]",0.006436940765206289
2025-03-26 09:30:00-04:00,10223.21065397013,4664.2485138156,"[{'asset': {'symbol': 'DFEN', 'type': 'stock'}, 'quantity': 24.5366}, {'asset': {'symbol': 'BTC-USD', 'type': 'stock'}, 'quantity': 0.00876207}, {'asset': {'symbol': 'SMH', 'type': 'stock'}, 'quantity': 3.6856}, {'asset': {'symbol': 'SPY', 'type': 'stock'}, 'quantity': 0.8109999999999999}, {'asset': {'symbol': 'ZAP', 'type': 'stock'}, 'quantity': 7.7134}, {'asset': {'symbol': 'SLV', 'type': 'stock'}, 'quantity': 42.3791}, {'asset': {'symbol': 'GLD', 'type': 'stock'}, 'quantity': 4.1479}]",0.0
2025-03-26 09:30:00-04:00,10223.21065397013,4664.2485138156,"[{'asset': {'symbol': 'DFEN', 'type': 'stock'}, 'quantity': 24.5366}, {'asset': {'symbol': 'BTC-USD', 'type': 'stock'}, 'quantity': 0.00876207}, {'asset': {'symbol': 'SMH', 'type': 'stock'}, 'quantity': 3.6856}, {'asset': {'symbol': 'SPY', 'type': 'stock'}, 'quantity': 0.8109999999999999}, {'asset': {'symbol': 'ZAP', 'type': 'stock'}, 'quantity': 7.7134}, {'asset': {'symbol': 'SLV', 'type': 'stock'}, 'quantity': 42.3791}, {'asset': {'symbol': 'GLD', 'type': 'stock'}, 'quantity': 4.1479}]",0.0
2025-03-26 16:00:00-04:00,10232.448406031348,4706.384067830485,"[{'asset': {'symbol': 'DFEN', 'type': 'stock'}, 'quantity': 15.1233}, {'asset': {'symbol': 'BTC-USD', 'type': 'stock'}, 'quantity': 0.01039997}, {'asset': {'symbol': 'SMH', 'type': 'stock'}, 'quantity': 3.6856}, {'asset': {'symbol': 'SPY', 'type': 'stock'}, 'quantity': 0.3152}, {'asset': {'symbol': 'ZAP', 'type': 'stock'}, 'quantity': 18.5543}, {'asset': {'symbol': 'SLV', 'type': 'stock'}, 'quantity': 42.3791}, {'asset': {'symbol': 'GLD', 'type': 'stock'}, 'quantity': 4.732}]",0.0009036057627971328
2025-03-27 08:30:00-04:00,10240.258209447611,4706.384067830485,"[{'asset': {'symbol': 'DFEN', 'type': 'stock'}, 'quantity': 15.1233}, {'asset': {'symbol': 'BTC-USD', 'type': 'stock'}, 'quantity': 0.01039997}, {'asset': {'symbol': 'SMH', 'type': 'stock'}, 'quantity': 3.6856}, {'asset': {'symbol': 'SPY', 'type': 'stock'}, 'quantity': 0.3152}, {'asset': {'symbol': 'ZAP', 'type': 'stock'}, 'quantity': 18.5543}, {'asset': {'symbol': 'SLV', 'type': 'stock'}, 'quantity': 42.3791}, {'asset': {'symbol': 'GLD', 'type': 'stock'}, 'quantity': 4.732}]",0.0007632389733487344
2025-03-27 09:30:00-04:00,10240.258209447611,4706.384067830485,"[{'asset': {'symbol': 'DFEN', 'type': 'stock'}, 'quantity': 15.1233}, {'asset': {'symbol': 'BTC-USD', 'type': 'stock'}, 'quantity': 0.01039997}, {'asset': {'symbol': 'SMH', 'type': 'stock'}, 'quantity': 3.6856}, {'asset': {'symbol': 'SPY', 'type': 'stock'}, 'quantity': 0.3152}, {'asset': {'symbol': 'ZAP', 'type': 'stock'}, 'quantity': 18.5543}, {'asset': {'symbol': 'SLV', 'type': 'stock'}, 'quantity': 42.3791}, {'asset': {'symbol': 'GLD', 'type': 'stock'}, 'quantity': 4.732}]",0.0
2025-03-27 09:30:00-04:00,10240.258209447611,4706.384067830485,"[{'asset': {'symbol': 'DFEN', 'type': 'stock'}, 'quantity': 15.1233}, {'asset': {'symbol': 'BTC-USD', 'type': 'stock'}, 'quantity': 0.01039997}, {'asset': {'symbol': 'SMH', 'type': 'stock'}, 'quantity': 3.6856}, {'asset': {'symbol': 'SPY', 'type': 'stock'}, 'quantity': 0.3152}, {'asset': {'symbol': 'ZAP', 'type': 'stock'}, 'quantity': 18.5543}, {'asset': {'symbol': 'SLV', 'type': 'stock'}, 'quantity': 42.3791}, {'asset': {'symbol': 'GLD', 'type': 'stock'}, 'quantity': 4.732}]",0.0
2025-03-27 16:00:00-04:00,10240.798858884355,4213.423019074498,"[{'asset': {'symbol': 'DFEN', 'type': 'stock'}, 'quantity': 15.1233}, {'asset': {'symbol': 'BTC-USD', 'type': 'stock'}, 'quantity': 0.00501186}, {'asset': {'symbol': 'SMH', 'type': 'stock'}, 'quantity': 3.6856}, {'asset': {'symbol': 'SPY', 'type': 'stock'}, 'quantity': 0.7922}, {'asset': {'symbol': 'ZAP', 'type': 'stock'}, 'quantity': 24.8307}, {'asset': {'symbol': 'SLV', 'type': 'stock'}, 'quantity': 59.8689}, {'asset': {'symbol': 'GLD', 'type': 'stock'}, 'quantity': 4.732}]",5.279646525369053e-05
2025-03-28 08:30:00-04:00,10188.63247011116,4042.843267934898,"[{'asset': {'symbol': 'DFEN', 'type': 'stock'}, 'quantity': 15.1233}, {'asset': {'symbol': 'BTC-USD', 'type': 'stock'}, 'quantity': 0.007036519999999999}, {'asset': {'symbol': 'SMH', 'type': 'stock'}, 'quantity': 3.6856}, {'asset': {'symbol': 'SPY', 'type': 'stock'}, 'quantity': 0.7922}, {'asset': {'symbol': 'ZAP', 'type': 'stock'}, 'quantity': 24.8307}, {'asset': {'symbol': 'SLV', 'type': 'stock'}, 'quantity': 59.8689}, {'asset': {'symbol': 'GLD', 'type': 'stock'}, 'quantity': 4.732}]",-0.005093976504375597
2025-03-28 09:30:00-04:00,10188.63247011116,4042.843267934898,"[{'asset': {'symbol': 'DFEN', 'type': 'stock'}, 'quantity': 15.1233}, {'asset': {'symbol': 'BTC-USD', 'type': 'stock'}, 'quantity': 0.007036519999999999}, {'asset': {'symbol': 'SMH', 'type': 'stock'}, 'quantity': 3.6856}, {'asset': {'symbol': 'SPY', 'type': 'stock'}, 'quantity': 0.7922}, {'asset': {'symbol': 'ZAP', 'type': 'stock'}, 'quantity': 24.8307}, {'asset': {'symbol': 'SLV', 'type': 'stock'}, 'quantity': 59.8689}, {'asset': {'symbol': 'GLD', 'type': 'stock'}, 'quantity': 4.732}]",0.0
2025-03-28 09:30:00-04:00,10188.63247011116,4042.843267934898,"[{'asset': {'symbol': 'DFEN', 'type': 'stock'}, 'quantity': 15.1233}, {'asset': {'symbol': 'BTC-USD', 'type': 'stock'}, 'quantity': 0.007036519999999999}, {'asset': {'symbol': 'SMH', 'type': 'stock'}, 'quantity': 3.6856}, {'asset': {'symbol': 'SPY', 'type': 'stock'}, 'quantity': 0.7922}, {'asset': {'symbol': 'ZAP', 'type': 'stock'}, 'quantity': 24.8307}, {'asset': {'symbol': 'SLV', 'type': 'stock'}, 'quantity': 59.8689}, {'asset': {'symbol': 'GLD', 'type': 'stock'}, 'quantity': 4.732}]",0.0
2025-03-28 16:00:00-04:00,10203.128177206949,4659.949511127671,"[{'asset': {'symbol': 'DFEN', 'type': 'stock'}, 'quantity': 15.1233}, {'asset': {'symbol': 'BTC-USD', 'type': 'stock'}, 'quantity': 0.01042557}, {'asset': {'symbol': 'SMH', 'type': 'stock'}, 'quantity': 3.6856}, {'asset': {'symbol': 'SPY', 'type': 'stock'}, 'quantity': 0.7922}, {'asset': {'symbol': 'ZAP', 'type': 'stock'}, 'quantity': 29.3194}, {'asset': {'symbol': 'SLV', 'type': 'stock'}, 'quantity': 45.5509}, {'asset': {'symbol': 'GLD', 'type': 'stock'}, 'quantity': 2.7143}]",0.0014227333391709784
2025-03-31 08:30:00-04:00,10173.87600256065,4659.949511127671,"[{'asset': {'symbol': 'DFEN', 'type': 'stock'}, 'quantity': 15.1233}, {'asset': {'symbol': 'BTC-USD', 'type': 'stock'}, 'quantity': 0.01042557}, {'asset': {'symbol': 'SMH', 'type': 'stock'}, 'quantity': 3.6856}, {'asset': {'symbol': 'SPY', 'type': 'stock'}, 'quantity': 0.7922}, {'asset': {'symbol': 'ZAP', 'type': 'stock'}, 'quantity': 29.3194}, {'asset': {'symbol': 'SLV', 'type': 'stock'}, 'quantity': 45.5509}, {'asset': {'symbol': 'GLD', 'type': 'stock'}, 'quantity': 2.7143}]",-0.002866981002125013
2025-03-31 09:30:00-04:00,10173.87600256065,4659.949511127671,"[{'asset': {'symbol': 'DFEN', 'type': 'stock'}, 'quantity': 15.1233}, {'asset': {'symbol': 'BTC-USD', 'type': 'stock'}, 'quantity': 0.01042557}, {'asset': {'symbol': 'SMH', 'type': 'stock'}, 'quantity': 3.6856}, {'asset': {'symbol': 'SPY', 'type': 'stock'}, 'quantity': 0.7922}, {'asset': {'symbol': 'ZAP', 'type': 'stock'}, 'quantity': 29.3194}, {'asset': {'symbol': 'SLV', 'type': 'stock'}, 'quantity': 45.5509}, {'asset': {'symbol': 'GLD', 'type': 'stock'}, 'quantity': 2.7143}]",0.0
2025-03-31 09:30:00-04:00,10173.87600256065,4659.949511127671,"[{'asset': {'symbol': 'DFEN', 'type': 'stock'}, 'quantity': 15.1233}, {'asset': {'symbol': 'BTC-USD', 'type': 'stock'}, 'quantity': 0.01042557}, {'asset': {'symbol': 'SMH', 'type': 'stock'}, 'quantity': 3.6856}, {'asset': {'symbol': 'SPY', 'type': 'stock'}, 'quantity': 0.7922}, {'asset': {'symbol': 'ZAP', 'type': 'stock'}, 'quantity': 29.3194}, {'asset': {'symbol': 'SLV', 'type': 'stock'}, 'quantity': 45.5509}, {'asset': {'symbol': 'GLD', 'type': 'stock'}, 'quantity': 2.7143}]",0.0
2025-03-31 16:00:00-04:00,10186.375619326842,4352.777538187378,"[{'asset': {'symbol': 'DFEN', 'type': 'stock'}, 'quantity': 15.1233}, {'asset': {'symbol': 'BTC-USD', 'type': 'stock'}, 'quantity': 0.00864169}, {'asset': {'symbol': 'SMH', 'type': 'stock'}, 'quantity': 3.6856}, {'asset': {'symbol': 'SPY', 'type': 'stock'}, 'quantity': 1.618}, {'asset': {'symbol': 'ZAP', 'type': 'stock'}, 'quantity': 29.3194}, {'asset': {'symbol': 'SLV', 'type': 'stock'}, 'quantity': 45.5509}, {'asset': {'symbol': 'GLD', 'type': 'stock'}, 'quantity': 2.7143}]",0.0012285992834044634
2025-04-01 08:30:00-04:00,10061.462640243224,4352.777538187378,"[{'asset': {'symbol': 'DFEN', 'type': 'stock'}, 'quantity': 15.1233}, {'asset': {'symbol': 'BTC-USD', 'type': 'stock'}, 'quantity': 0.00864169}, {'asset': {'symbol': 'SMH', 'type': 'stock'}, 'quantity': 3.6856}, {'asset': {'symbol': 'SPY', 'type': 'stock'}, 'quantity': 1.618}, {'asset': {'symbol': 'ZAP', 'type': 'stock'}, 'quantity': 29.3194}, {'asset': {'symbol': 'SLV', 'type': 'stock'}, 'quantity': 45.5509}, {'asset': {'symbol': 'GLD', 'type': 'stock'}, 'quantity': 2.7143}]",-0.012262750143104628
2025-04-01 09:30:00-04:00,10061.462640243224,4352.777538187378,"[{'asset': {'symbol': 'DFEN', 'type': 'stock'}, 'quantity': 15.1233}, {'asset': {'symbol': 'BTC-USD', 'type': 'stock'}, 'quantity': 0.00864169}, {'asset': {'symbol': 'SMH', 'type': 'stock'}, 'quantity': 3.6856}, {'asset': {'symbol': 'SPY', 'type': 'stock'}, 'quantity': 1.618}, {'asset': {'symbol': 'ZAP', 'type': 'stock'}, 'quantity': 29.3194}, {'asset': {'symbol': 'SLV', 'type': 'stock'}, 'quantity': 45.5509}, {'asset': {'symbol': 'GLD', 'type': 'stock'}, 'quantity': 2.7143}]",0.0
2025-04-01 09:30:00-04:00,10061.462640243224,4352.777538187378,"[{'asset': {'symbol': 'DFEN', 'type': 'stock'}, 'quantity': 15.1233}, {'asset': {'symbol': 'BTC-USD', 'type': 'stock'}, 'quantity': 0.00864169}, {'asset': {'symbol': 'SMH', 'type': 'stock'}, 'quantity': 3.6856}, {'asset': {'symbol': 'SPY', 'type': 'stock'}, 'quantity': 1.618}, {'asset': {'symbol': 'ZAP', 'type': 'stock'}, 'quantity': 29.3194}, {'asset': {'symbol': 'SLV', 'type': 'stock'}, 'quantity': 45.5509}, {'asset': {'symbol': 'GLD', 'type': 'stock'}, 'quantity': 2.7143}]",0.0
2025-04-01 16:00:00-04:00,10063.58507702429,4672.388877288199,"[{'asset': {'symbol': 'DFEN', 'type': 'stock'}, 'quantity': 20.5613}, {'asset': {'symbol': 'BTC-USD', 'type': 'stock'}, 'quantity': 0.0032197500000000004}, {'asset': {'symbol': 'SMH', 'type': 'stock'}, 'quantity': 3.6856}, {'asset': {'symbol': 'SPY', 'type': 'stock'}, 'quantity': 1.3106}, {'asset': {'symbol': 'ZAP', 'type': 'stock'}, 'quantity': 29.3194}, {'asset': {'symbol': 'SLV', 'type': 'stock'}, 'quantity': 33.617}, {'asset': {'symbol': 'GLD', 'type': 'stock'}, 'quantity': 4.4648}]",0.00021094714128122583
2025-04-02 08:30:00-04:00,10121.696827377476,4840.046461288199,"[{'asset': {'symbol': 'DFEN', 'type': 'stock'}, 'quantity': 20.5613}, {'asset': {'symbol': 'BTC-USD', 'type': 'stock'}, 'quantity': 0.0032197500000000004}, {'asset': {'symbol': 'SMH', 'type': 'stock'}, 'quantity': 2.9084}, {'asset': {'symbol': 'SPY', 'type': 'stock'}, 'quantity': 1.3106}, {'asset': {'symbol': 'ZAP', 'type': 'stock'}, 'quantity': 29.3194}, {'asset': {'symbol': 'SLV', 'type': 'stock'}, 'quantity': 33.617}, {'asset': {'symbol': 'GLD', 'type': 'stock'}, 'quantity': 4.4648}]",0.0057744580990186645
2025-04-02 09:30:00-04:00,10121.696827377476,4840.046461288199,"[{'asset': {'symbol': 'DFEN', 'type': 'stock'}, 'quantity': 20.5613}, {'asset': {'symbol': 'BTC-USD', 'type': 'stock'}, 'quantity': 0.0032197500000000004}, {'asset': {'symbol': 'SMH', 'type': 'stock'}, 'quantity': 2.9084}, {'asset': {'symbol': 'SPY', 'type': 'stock'}, 'quantity': 1.3106}, {'asset': {'symbol': 'ZAP', 'type': 'stock'}, 'quantity': 29.3194}, {'asset': {'symbol': 'SLV', 'type': 'stock'}, 'quantity': 33.617}, {'asset': {'symbol': 'GLD', 'type': 'stock'}, 'quantity': 4.4648}]",0.0
2025-04-02 09:30:00-04:00,10121.696827377476,4840.046461288199,"[{'asset': {'symbol': 'DFEN', 'type': 'stock'}, 'quantity': 20.5613}, {'asset': {'symbol': 'BTC-USD', 'type': 'stock'}, 'quantity': 0.0032197500000000004}, {'asset': {'symbol': 'SMH', 'type': 'stock'}, 'quantity': 2.9084}, {'asset': {'symbol': 'SPY', 'type': 'stock'}, 'quantity': 1.3106}, {'asset': {'symbol': 'ZAP', 'type': 'stock'}, 'quantity': 29.3194}, {'asset': {'symbol': 'SLV', 'type': 'stock'}, 'quantity': 33.617}, {'asset': {'symbol': 'GLD', 'type': 'stock'}, 'quantity': 4.4648}]",0.0
2025-04-02 16:00:00-04:00,10127.741217473944,4229.800204681327,"[{'asset': {'symbol': 'DFEN', 'type': 'stock'}, 'quantity': 14.1995}, {'asset': {'symbol': 'BTC-USD', 'type': 'stock'}, 'quantity': 0.0032197500000000004}, {'asset': {'symbol': 'SMH', 'type': 'stock'}, 'quantity': 5.3692}, {'asset': {'symbol': 'SPY', 'type': 'stock'}, 'quantity': 1.3106}, {'asset': {'symbol': 'ZAP', 'type': 'stock'}, 'quantity': 19.1013}, {'asset': {'symbol': 'SLV', 'type': 'stock'}, 'quantity': 51.1663}, {'asset': {'symbol': 'GLD', 'type': 'stock'}, 'quantity': 4.4648}]",0.0005971716204853372
2025-04-03 08:30:00-04:00,10115.561052974685,4002.7278656615517,"[{'asset': {'symbol': 'DFEN', 'type': 'stock'}, 'quantity': 14.1995}, {'asset': {'symbol': 'BTC-USD', 'type': 'stock'}, 'quantity': 0.0032197500000000004}, {'asset': {'symbol': 'SMH', 'type': 'stock'}, 'quantity': 5.3692}, {'asset': {'symbol': 'SPY', 'type': 'stock'}, 'quantity': 1.3106}, {'asset': {'symbol': 'ZAP', 'type': 'stock'}, 'quantity': 19.1013}, {'asset': {'symbol': 'SLV', 'type': 'stock'}, 'quantity': 51.1663}, {'asset': {'symbol': 'GLD', 'type': 'stock'}, 'quantity': 5.2678}]",-0.001202653606338644
2025-04-03 09:30:00-04:00,10115.561052974685,4002.7278656615517,"[{'asset': {'symbol': 'DFEN', 'type': 'stock'}, 'quantity': 14.1995}, {'asset': {'symbol': 'BTC-USD', 'type': 'stock'}, 'quantity': 0.0032197500000000004}, {'asset': {'symbol': 'SMH', 'type': 'stock'}, 'quantity': 5.3692}, {'asset': {'symbol': 'SPY', 'type': 'stock'}, 'quantity': 1.3106}, {'asset': {'symbol': 'ZAP', 'type': 'stock'}, 'quantity': 19.1013}, {'asset': {'symbol': 'SLV', 'type': 'stock'}, 'quantity': 51.1663}, {'asset': {'symbol': 'GLD', 'type': 'stock'}, 'quantity': 5.2678}]",0.0
2025-04-03 09:30:00-04:00,10115.561052974685,4002.7278656615517,"[{'asset': {'symbol': 'DFEN', 'type': 'stock'}, 'quantity': 14.1995}, {'asset': {'symbol': 'BTC-USD', 'type': 'stock'}, 'quantity': 0.0032197500000000004}, {'asset': {'symbol': 'SMH', 'type': 'stock'}, 'quantity': 5.3692}, {'asset': {'symbol': 'SPY', 'type': 'stock'}, 'quantity': 1.3106}, {'asset': {'symbol': 'ZAP', 'type': 'stock'}, 'quantity': 19.1013}, {'asset': {'symbol': 'SLV', 'type': 'stock'}, 'quantity': 51.1663}, {'asset': {'symbol': 'GLD', 'type': 'stock'}, 'quantity': 5.2678}]",0.0
2025-04-03 16:00:00-04:00,10137.392522757113,3347.1934210921972,"[{'asset': {'symbol': 'DFEN', 'type': 'stock'}, 'quantity': 25.7041}, {'asset': {'symbol': 'BTC-USD', 'type': 'stock'}, 'quantity': 0.00506227}, {'asset': {'symbol': 'SMH', 'type': 'stock'}, 'quantity': 5.3692}, {'asset': {'symbol': 'SPY', 'type': 'stock'}, 'quantity': 1.3106}, {'asset': {'symbol': 'ZAP', 'type': 'stock'}, 'quantity': 32.1915}, {'asset': {'symbol': 'SLV', 'type': 'stock'}, 'quantity': 51.1663}, {'asset': {'symbol': 'GLD', 'type': 'stock'}, 'quantity': 4.7536}]",0.002158206516484684
2025-04-04 08:30:00-04:00,9968.959482313803,1951.7014787864416,"[{'asset': {'symbol': 'DFEN', 'type': 'stock'}, 'quantity': 25.7041}, {'asset': {'symbol': 'BTC-USD', 'type': 'stock'}, 'quantity': 0.00506227}, {'asset': {'symbol': 'SMH', 'type': 'stock'}, 'quantity': 5.3692}, {'asset': {'symbol': 'SPY', 'type': 'stock'}, 'quantity': 1.3106}, {'asset': {'symbol': 'ZAP', 'type': 'stock'}, 'quantity': 32.1915}, {'asset': {'symbol': 'SLV', 'type': 'stock'}, 'quantity': 101.0766}, {'asset': {'symbol': 'GLD', 'type': 'stock'}, 'quantity': 4.7536}]",-0.01661502601040643
2025-04-04 09:30:00-04:00,9968.959482313803,1951.7014787864416,"[{'asset': {'symbol': 'DFEN', 'type': 'stock'}, 'quantity': 25.7041}, {'asset': {'symbol': 'BTC-USD', 'type': 'stock'}, 'quantity': 0.00506227}, {'asset': {'symbol': 'SMH', 'type': 'stock'}, 'quantity': 5.3692}, {'asset': {'symbol': 'SPY', 'type': 'stock'}, 'quantity': 1.3106}, {'asset': {'symbol': 'ZAP', 'type': 'stock'}, 'quantity': 32.1915}, {'asset': {'symbol': 'SLV', 'type': 'stock'}, 'quantity': 101.0766}, {'asset': {'symbol': 'GLD', 'type': 'stock'}, 'quantity': 4.7536}]",0.0
2025-04-04 09:30:00-04:00,9968.959482313803,1951.7014787864416,"[{'asset': {'symbol': 'DFEN', 'type': 'stock'}, 'quantity': 25.7041}, {'asset': {'symbol': 'BTC-USD', 'type': 'stock'}, 'quantity': 0.00506227}, {'asset': {'symbol': 'SMH', 'type': 'stock'}, 'quantity': 5.3692}, {'asset': {'symbol': 'SPY', 'type': 'stock'}, 'quantity': 1.3106}, {'asset': {'symbol': 'ZAP', 'type': 'stock'}, 'quantity': 32.1915}, {'asset': {'symbol': 'SLV', 'type': 'stock'}, 'quantity': 101.0766}, {'asset': {'symbol': 'GLD', 'type': 'stock'}, 'quantity': 4.7536}]",0.0
2025-04-04 16:00:00-04:00,9972.30887219718,2811.407948961383,"[{'asset': {'symbol': 'DFEN', 'type': 'stock'}, 'quantity': 25.7041}, {'asset': {'symbol': 'BTC-USD', 'type': 'stock'}, 'quantity': 0.00300383}, {'asset': {'symbol': 'SMH', 'type': 'stock'}, 'quantity': 5.3692}, {'asset': {'symbol': 'SPY', 'type': 'stock'}, 'quantity': 1.3106}, {'asset': {'symbol': 'ZAP', 'type': 'stock'}, 'quantity': 32.1915}, {'asset': {'symbol': 'SLV', 'type': 'stock'}, 'quantity': 101.0766}, {'asset': {'symbol': 'GLD', 'type': 'stock'}, 'quantity': 2.3257}]",0.00033598189352845864
2025-04-07 08:30:00-04:00,9657.814028421015,2811.407948961383,"[{'asset': {'symbol': 'DFEN', 'type': 'stock'}, 'quantity': 25.7041}, {'asset': {'symbol': 'BTC-USD', 'type': 'stock'}, 'quantity': 0.00300383}, {'asset': {'symbol': 'SMH', 'type': 'stock'}, 'quantity': 5.3692}, {'asset': {'symbol': 'SPY', 'type': 'stock'}, 'quantity': 1.3106}, {'asset': {'symbol': 'ZAP', 'type': 'stock'}, 'quantity': 32.1915}, {'asset': {'symbol': 'SLV', 'type': 'stock'}, 'quantity': 101.0766}, {'asset': {'symbol': 'GLD', 'type': 'stock'}, 'quantity': 2.3257}]",-0.03153681337057035
2025-04-07 09:30:00-04:00,9657.814028421015,2811.407948961383,"[{'asset': {'symbol': 'DFEN', 'type': 'stock'}, 'quantity': 25.7041}, {'asset': {'symbol': 'BTC-USD', 'type': 'stock'}, 'quantity': 0.00300383}, {'asset': {'symbol': 'SMH', 'type': 'stock'}, 'quantity': 5.3692}, {'asset': {'symbol': 'SPY', 'type': 'stock'}, 'quantity': 1.3106}, {'asset': {'symbol': 'ZAP', 'type': 'stock'}, 'quantity': 32.1915}, {'asset': {'symbol': 'SLV', 'type': 'stock'}, 'quantity': 101.0766}, {'asset': {'symbol': 'GLD', 'type': 'stock'}, 'quantity': 2.3257}]",0.0
2025-04-07 09:30:00-04:00,9657.814028421015,2811.407948961383,"[{'asset': {'symbol': 'DFEN', 'type': 'stock'}, 'quantity': 25.7041}, {'asset': {'symbol': 'BTC-USD', 'type': 'stock'}, 'quantity': 0.00300383}, {'asset': {'symbol': 'SMH', 'type': 'stock'}, 'quantity': 5.3692}, {'asset': {'symbol': 'SPY', 'type': 'stock'}, 'quantity': 1.3106}, {'asset': {'symbol': 'ZAP', 'type': 'stock'}, 'quantity': 32.1915}, {'asset': {'symbol': 'SLV', 'type': 'stock'}, 'quantity': 101.0766}, {'asset': {'symbol': 'GLD', 'type': 'stock'}, 'quantity': 2.3257}]",0.0
2025-04-07 16:00:00-04:00,9641.501296910546,6055.936878961383,"[{'asset': {'symbol': 'DFEN', 'type': 'stock'}, 'quantity': 25.7041}, {'asset': {'symbol': 'BTC-USD', 'type': 'stock'}, 'quantity': 0.00300383}, {'asset': {'symbol': 'SMH', 'type': 'stock'}, 'quantity': 2.737}, {'asset': {'symbol': 'SPY', 'type': 'stock'}, 'quantity': 0.3857999999999999}, {'asset': {'symbol': 'ZAP', 'type': 'stock'}, 'quantity': 32.1915}, {'asset': {'symbol': 'SLV', 'type': 'stock'}, 'quantity': 19.536699999999996}, {'asset': {'symbol': 'GLD', 'type': 'stock'}, 'quantity': 2.3257}]",-0.0016890707837677876
2025-04-08 08:30:00-04:00,9327.194074677442,6055.936878961383,"[{'asset': {'symbol': 'DFEN', 'type': 'stock'}, 'quantity': 25.7041}, {'asset': {'symbol': 'BTC-USD', 'type': 'stock'}, 'quantity': 0.00300383}, {'asset': {'symbol': 'SMH', 'type': 'stock'}, 'quantity': 2.737}, {'asset': {'symbol': 'SPY', 'type': 'stock'}, 'quantity': 0.3857999999999999}, {'asset': {'symbol': 'ZAP', 'type': 'stock'}, 'quantity': 32.1915}, {'asset': {'symbol': 'SLV', 'type': 'stock'}, 'quantity': 19.536699999999996}, {'asset': {'symbol': 'GLD', 'type': 'stock'}, 'quantity': 2.3257}]",-0.03259940672660788
2025-04-08 09:30:00-04:00,9327.194074677442,6055.936878961383,"[{'asset': {'symbol': 'DFEN', 'type': 'stock'}, 'quantity': 25.7041}, {'asset': {'symbol': 'BTC-USD', 'type': 'stock'}, 'quantity': 0.00300383}, {'asset': {'symbol': 'SMH', 'type': 'stock'}, 'quantity': 2.737}, {'asset': {'symbol': 'SPY', 'type': 'stock'}, 'quantity': 0.3857999999999999}, {'asset': {'symbol': 'ZAP', 'type': 'stock'}, 'quantity': 32.1915}, {'asset': {'symbol': 'SLV', 'type': 'stock'}, 'quantity': 19.536699999999996}, {'asset': {'symbol': 'GLD', 'type': 'stock'}, 'quantity': 2.3257}]",0.0
2025-04-08 09:30:00-04:00,9327.194074677442,6055.936878961383,"[{'asset': {'symbol': 'DFEN', 'type': 'stock'}, 'quantity': 25.7041}, {'asset': {'symbol': 'BTC-USD', 'type': 'stock'}, 'quantity': 0.00300383}, {'asset': {'symbol': 'SMH', 'type': 'stock'}, 'quantity': 2.737}, {'asset': {'symbol': 'SPY', 'type': 'stock'}, 'quantity': 0.3857999999999999}, {'asset': {'symbol': 'ZAP', 'type': 'stock'}, 'quantity': 32.1915}, {'asset': {'symbol': 'SLV', 'type': 'stock'}, 'quantity': 19.536699999999996}, {'asset': {'symbol': 'GLD', 'type': 'stock'}, 'quantity': 2.3257}]",0.0
2025-04-08 16:00:00-04:00,9571.116456241867,9571.116456241867,[],0.026151742915552223
2025-04-09 08:30:00-04:00,9571.116456241867,9571.116456241867,[],0.0
2025-04-09 09:30:00-04:00,9571.116456241867,9571.116456241867,[],0.0
2025-04-09 09:30:00-04:00,9571.116456241867,9571.116456241867,[],0.0
2025-04-09 16:00:00-04:00,9571.116456241867,9571.116456241867,[],0.0
2025-04-10 08:30:00-04:00,9571.116456241867,9571.116456241867,[],0.0
2025-04-10 09:30:00-04:00,9571.116456241867,9571.116456241867,[],0.0
2025-04-10 09:30:00-04:00,9571.116456241867,9571.116456241867,[],0.0
2025-04-10 16:00:00-04:00,9571.116456241867,9571.116456241867,[],0.0
2025-04-11 08:30:00-04:00,9571.116456241867,9571.116456241867,[],0.0
2025-04-11 09:30:00-04:00,9571.116456241867,9571.116456241867,[],0.0
2025-04-11 09:30:00-04:00,9571.116456241867,9571.116456241867,[],0.0
2025-04-11 16:00:00-04:00,9571.116456241867,9571.116456241867,[],0.0
2025-04-14 08:30:00-04:00,9571.116456241867,9571.116456241867,[],0.0
2025-04-14 09:30:00-04:00,9571.116456241867,9571.116456241867,[],0.0
2025-04-14 09:30:00-04:00,9571.116456241867,9571.116456241867,[],0.0
2025-04-14 16:00:00-04:00,9571.116456241867,9571.116456241867,[],0.0
